ID,SMILES,Cluster,UMAP1,UMAP2,UMAP3
1,CC(C1=N[C@@H](C2=CC=CC=C2)CO1)C3=N[C@@H](C4=CC=CC=C4)CO3,9,8.623918,4.2288914,10.176422
2,CC(C1=N[C@@H](C2=CC=CC=C2)CO1)(C)C3=N[C@@H](C4=CC=CC=C4)CO3,0,9.424836,4.5040655,8.392084
3,CCC(C1=N[C@@H](C2=CC=CC=C2)CO1)(CC)C3=N[C@@H](C4=CC=CC=C4)CO3,0,9.415612,4.5640135,8.285375
4,C1(C2(CC2)C3=N[C@@H](C4=CC=CC=C4)CO3)=N[C@@H](C5=CC=CC=C5)CO1,9,11.219131,8.403546,10.274351
5,C1(C2(CCC2)C3=N[C@@H](C4=CC=CC=C4)CO3)=N[C@@H](C5=CC=CC=C5)CO1,9,11.226276,8.408294,10.280493
6,CC(C1=N[C@@H](C2=CC=CC=C2)CO1)(CC3=CC=CC=C3)C4=N[C@@H](C5=CC=CC=C5)CO4,0,9.439961,4.6837077,8.111932
7,N#C/C(C1=N[C@@H](C2=CC=CC=C2)CO1)=C3OC[C@H](C4=CC=CC=C4)N\3,9,8.610431,4.1126823,10.555063
8,CC(C(C=C1)=CC=C1CC(C2=N[C@@H](C3=CC=CC=C3)CO2)(CC4=CC=C(C(C)(C)C)C=C4)C5=N[C@@H](C6=CC=CC=C6)CO5)(C)C,0,9.56394,4.7229223,7.957501
9,CC(C1=N[C@@H](C2=CC=CC=C2)CO1)(CC3=CC=C(C45C[C@H]6C[C@H](C[C@H](C6)C5)C4)C=C3)C7=N[C@@H](C8=CC=CC=C8)CO7,0,9.573978,4.684089,8.034733
10,FC(C=C1)=CC=C1CC(C2=N[C@@H](C3=CC=CC=C3)CO2)(CC4=CC=C(F)C=C4)C5=N[C@@H](C6=CC=CC=C6)CO5,0,9.69001,4.6091156,7.970083
11,CC(C1=N[C@@H](C2=CC=CC=C2)CO1)(CC3=CC=C(C(C)(C)C)C=C3)C4=N[C@@H](C5=CC=CC=C5)CO4,0,9.476723,4.6879373,8.0516615
12,CC(C1=N[C@@H](C2=CC=CC=C2)CO1)(CC3=CC(C(C)(C)C)=CC(C(C)(C)C)=C3)C4=N[C@@H](C5=CC=CC=C5)CO4,0,9.489123,4.718698,8.054123
13,CC(C1=N[C@@H](C2=CC=CC=C2)CO1)(CC3=CC=C(C=CC=C4)C4=N3)C5=N[C@@H](C6=CC=CC=C6)CO5,0,9.442559,4.705008,8.098698
14,CC(C(C=C1)=CC=C1CC(C2=N[C@@H](C3=CC=CC=C3)C(C4=CC=CC=C4)(C5=CC=CC=C5)O2)(CC6=CC=C(C(C)(C)C)C=C6)C7=N[C@@H](C8=CC=CC=C8)C(C9=CC=CC=C9)(C%10=CC=CC=C%10)O7)(C)C,0,9.175139,5.4386063,7.455652
15,C1(C2(CC2)C3=N[C@H](C4=CC=CC=C4)[C@H](C5=CC=CC=C5)O3)=N[C@H](C6=CC=CC=C6)[C@H](C7=CC=CC=C7)O1,9,7.966194,6.0917363,13.093205
16,C1(C2(CC3=CC=CC=C3C2)C4=N[C@H](C5=CC=CC=C5)[C@H](C6=CC=CC=C6)O4)=N[C@H](C7=CC=CC=C7)[C@H](C8=CC=CC=C8)O1,9,7.962143,6.0988464,13.099444
17,C1(C2(CCC2)C3=N[C@H](C4=CC=CC=C4)[C@H](C5=CC=CC=C5)O3)=N[C@H](C6=CC=CC=C6)[C@H](C7=CC=CC=C7)O1,9,7.9596686,6.1043196,13.103107
18,C1(C2(CCCCCC2)C3=N[C@H](C4=CC=CC=C4)[C@H](C5=CC=CC=C5)O3)=N[C@H](C6=CC=CC=C6)[C@H](C7=CC=CC=C7)O1,9,7.957917,6.1082687,13.105886
19,C1(CC2=N[C@H](C3=CC=CC=C3)[C@H](C4=CC=CC=C4)O2)=N[C@H](C5=CC=CC=C5)[C@H](C6=CC=CC=C6)O1,9,8.855043,4.355718,11.700948
20,C1(C(CC2=CC=CC=C2)(CC3=CC=CC=C3)C4=N[C@H](C5=CC=CC=C5)[C@H](C6=CC=CC=C6)O4)=N[C@H](C7=CC=CC=C7)[C@H](C8=CC=CC=C8)O1,9,8.680188,4.523999,11.410873
21,CC(C1=N[C@H](C2=CC=CC=C2)[C@H](C3=CC=CC=C3)O1)C4=N[C@H](C5=CC=CC=C5)[C@H](C6=CC=CC=C6)O4,9,8.824476,4.383836,11.622
22,C1(C2(CC3=CC=CC=C3C2)C4=N[C@@H](C5=CC=CC=C5)CO4)=N[C@@H](C6=CC=CC=C6)CO1,9,11.214986,8.400057,10.269635
23,CCCC(C1=N[C@@H](C2=CC=CC=C2)CO1)(CCC)C3=N[C@@H](C4=CC=CC=C4)CO3,0,9.426884,4.5873847,8.259864
24,CCCCC(C1=N[C@@H](C2=CC=CC=C2)CO1)(CCCC)C3=N[C@@H](C4=CC=CC=C4)CO3,0,9.436977,4.5904818,8.253167
25,C1(C2(CCCCC2)C3=N[C@@H](C4=CC=CC=C4)CO3)=N[C@@H](C5=CC=CC=C5)CO1,9,11.217346,8.413038,10.259012
26,C1(C2(CCCCCC2)C3=N[C@@H](C4=CC=CC=C4)CO3)=N[C@@H](C5=CC=CC=C5)CO1,9,11.216481,8.403929,10.267776
27,CC(OC(N(CC1)CCC1CC(C2=N[C@@H](C3=CC=CC=C3)CO2)(CC4CCN(CC4)C(OC(C)(C)C)=O)C5=N[C@@H](C6=CC=CC=C6)CO5)=O)(C)C,0,9.579879,4.76011,7.935973
28,C1(C(CC2=CC=CC=C2)(CC3=CC=CC=C3)C4=N[C@@H](C5=CC=CC=C5)CO4)=N[C@@H](C6=CC=CC=C6)CO1,0,9.593833,4.571558,8.104133
29,CC(C1=CC(C(C)(C)C)=CC(CC(C2=N[C@@H](C3=CC=CC=C3)CO2)(CC4=CC(C(C)(C)C)=CC(C(C)(C)C)=C4)C5=N[C@@H](C6=CC=CC=C6)CO5)=C1)(C)C,0,9.582485,4.7394485,7.950158
30,C1(C(CC2=CC=C(C34C[C@H]5C[C@H](C[C@H](C5)C4)C3)C=C2)(CC6=CC=C(C78C[C@H]9C[C@H](C[C@H](C9)C8)C7)C=C6)C%10=N[C@@H](C%11=CC=CC=C%11)CO%10)=N[C@@H](C%12=CC=CC=C%12)CO1,0,9.606395,4.6745133,8.023266
31,CC(C1=N[C@@H](C2=CC=CC=C2)CO1)(CC#C)C3=N[C@@H](C4=CC=CC=C4)CO3,0,9.394516,4.6491194,8.215885
32,N#CC(C1=N[C@@H](C2=CC=CC=C2)CO1)C3=N[C@@H](C4=CC=CC=C4)CO3,9,8.616866,4.2308292,10.186569
33,CC(C1=N[C@H](C2=CC=CC=C2)[C@H](C3=CC=CC=C3)O1)(C)C4=N[C@H](C5=CC=CC=C5)[C@H](C6=CC=CC=C6)O4,9,8.787768,4.404529,11.561842
34,CC(C1=N[C@H](C2=CC=CC=C2)[C@@H](C3=CC=CC=C3)O1)(C)C4=N[C@H](C5=CC=CC=C5)[C@@H](C6=CC=CC=C6)O4,9,8.80334,4.387574,11.576036
35,CCC(C1=N[C@H](C2=CC=CC=C2)[C@H](C3=CC=CC=C3)O1)(CC)C4=N[C@H](C5=CC=CC=C5)[C@H](C6=CC=CC=C6)O4,9,8.707766,4.488405,11.452944
36,C1(C2(CCCC2)C3=N[C@H](C4=CC=CC=C4)[C@H](C5=CC=CC=C5)O3)=N[C@H](C6=CC=CC=C6)[C@H](C7=CC=CC=C7)O1,9,7.9591017,6.1054,13.1035595
37,C1(C2(CCCCC2)C3=N[C@H](C4=CC=CC=C4)[C@H](C5=CC=CC=C5)O3)=N[C@H](C6=CC=CC=C6)[C@H](C7=CC=CC=C7)O1,9,7.9585094,6.1067233,13.104654
38,CC(C1=N[C@H](C2=CC=CC=C2)[C@H](C3=CC=CC=C3)O1)(CC4=CC=CC=C4)C5=N[C@H](C6=CC=CC=C6)[C@H](C7=CC=CC=C7)O5,9,8.7116585,4.4776907,11.459587
39,CC(C(C=C1)=CC=C1CC(C2=N[C@@H](C3=CC=CC=C3)[C@@H](C4=CC=CC=C4)O2)(CC5=CC=C(C(C)(C)C)C=C5)C6=N[C@@H](C7=CC=CC=C7)[C@@H](C8=CC=CC=C8)O6)(C)C,0,9.215956,5.2905045,7.61927
40,C1(C2(CCCCC2)C3=N[C@@H](C4=CC=CC=C4)C(C5=CC=CC=C5)(C6=CC=CC=C6)O3)=N[C@@H](C7=CC=CC=C7)C(C8=CC=CC=C8)(C9=CC=CC=C9)O1,0,9.084312,5.6161284,7.285875
41,FC(C=C1)=CC=C1CC(C2=N[C@@H](C(C)C)CO2)(CC3=CC=C(F)C=C3)C4=N[C@@H](C(C)C)CO4,0,10.472206,3.239271,7.647819
42,ClC(C=C1)=CC=C1CC(C2=N[C@@H](C(C)C)CO2)(CC3=CC=C(Cl)C=C3)C4=N[C@@H](C(C)C)CO4,0,10.4698715,3.2431264,7.645833
43,CC([C@H]1COC(C(CC2=CC=C(OC)C=C2)(CC3=CC=C(OC)C=C3)C4=N[C@@H](C(C)C)CO4)=N1)C,0,10.473756,3.2402,7.6449957
44,CC([C@H]1COC(C(CC2=CC=C(C(C)(C)C)C=C2)(CC3=CC=C(C(C)(C)C)C=C3)C4=N[C@@H](C(C)C)CO4)=N1)C,0,10.398985,3.3353539,7.679631
45,CC([C@H]1COC(C(CC2=CC(C(C)(C)C)=CC(C(C)(C)C)=C2)(CC3=CC(C(C)(C)C)=CC(C(C)(C)C)=C3)C4=N[C@@H](C(C)C)CO4)=N1)C,0,10.401736,3.3292198,7.667423
46,CC1=CC(C)=CC(CC(C2=N[C@@H](C(C)C)CO2)(CC3=CC(C)=CC(C)=C3)C4=N[C@@H](C(C)C)CO4)=C1,0,10.41426,3.307674,7.637047
47,C1(CC2=N[C@@H](C3=CC=CC=C3)CO2)=N[C@@H](C4=CC=CC=C4)CO1,9,8.63322,4.2164826,10.167056
48,C1(C(CC2=CC=CC=C2)(CC3=CC=CC=C3)C4=N[C@@H](CC5=CC=CC=C5)CO4)=N[C@@H](CC6=CC=CC=C6)CO1,0,9.601809,4.1232033,7.780011
49,CC([C@H]1COC(CC2=N[C@@H](C(C)C)CO2)=N1)C,7,11.057666,-0.78438705,8.496285
50,CC(C1=N[C@@H](C(C)C)CO1)(C)C2=N[C@@H](C(C)C)CO2,7,11.096498,-0.77109694,8.428831
51,CC([C@H]1COC(C(CC)(CC)C2=N[C@@H](C(C)C)CO2)=N1)C,7,11.105275,-0.763825,8.385453
52,CC([C@H]1COC(C2(CCCC2)C3=N[C@@H](C(C)C)CO3)=N1)C,7,11.085119,-0.8466832,8.529143
53,CC([C@H]1COC(C(C)(CC2=CC=CC=C2)C3=N[C@@H](C(C)C)CO3)=N1)C,0,10.65202,3.0369203,7.700139
54,CC([C@H]1COC(C(CC2=CC=CC=C2)(CC3=CC=CC=C3)C4=N[C@@H](C(C)C)CO4)=N1)C,0,10.487029,3.2275312,7.641768
55,CC(C1=N[C@@H](C(C)C)CO1)C2=N[C@@H](C(C)C)CO2,7,11.089026,-0.7840906,8.482774
56,CC([C@H]1COC(C(CC2=C(C=CC=C3)C3=CC4=C2C=CC=C4)(CC5=C(C=CC=C6)C6=CC7=C5C=CC=C7)C8=N[C@@H](C(C)C)CO8)=N1)C,0,10.343926,3.378745,7.5908046
57,C1(CC2=N[C@@H](CC3=CC=CC=C3)CO2)=N[C@@H](CC4=CC=CC=C4)CO1,9,8.412021,4.5673337,9.849218
58,CC(C1=N[C@@H](CC2=CC=CC=C2)CO1)(C)C3=N[C@@H](CC4=CC=CC=C4)CO3,0,9.5485935,4.1514955,7.769066
59,C1(C2(CCCC2)C3=N[C@@H](CC4=CC=CC=C4)CO3)=N[C@@H](CC5=CC=CC=C5)CO1,9,8.243522,4.779968,9.76451
60,C1(C2(CCCCC2)C3=N[C@@H](CC4=CC=CC=C4)CO3)=N[C@@H](CC5=CC=CC=C5)CO1,9,8.224392,4.7994165,9.7456665
61,CC(C1=N[C@@H](CC2=CC=CC=C2)CO1)(CC3=CC=CC=C3)C4=N[C@@H](CC5=CC=CC=C5)CO4,0,9.559411,4.143991,7.7664027
62,CC(C(C=C1)=CC=C1CC(C2=N[C@@H](CC3=CC=CC=C3)CO2)(CC4=CC=C(C(C)(C)C)C=C4)C5=N[C@@H](CC6=CC=CC=C6)CO5)(C)C,0,9.742497,4.057617,7.7630553
63,CCC(C1=N[C@@H](CC2=CC=CC=C2)CO1)(CC)C3=N[C@@H](CC4=CC=CC=C4)CO3,0,9.550184,4.1486006,7.7612557
64,N#CC(C1=N[C@@H](CC2=CC=CC=C2)CO1)C3=N[C@@H](CC4=CC=CC=C4)CO3,9,8.501235,4.4329453,9.935269
65,C1(C2(CC2)C3=N[C@@H](CC4=CC=CC=C4)CO3)=N[C@@H](CC5=CC=CC=C5)CO1,9,8.239596,4.7837787,9.7584305
66,C1(C(CC2=NC(C=CC=C3)=C3C=C2)(CC4=CC=C(C=CC=C5)C5=N4)C6=N[C@@H](CC7=CC=CC=C7)CO6)=N[C@@H](CC8=CC=CC=C8)CO1,0,9.597378,4.1162705,7.7613616
67,CC([C@H]1COC(C2(CCCCC2)C3=N[C@@H](C(C)C)CO3)=N1)C,7,11.084537,-0.84470934,8.5269
68,CC([C@H]1COC(C2(CC2)C3=N[C@@H](C(C)C)CO3)=N1)C,7,11.06784,-0.84976304,8.505759
69,C1(C2(CCCC2)C3=N[C@@H](C4=CC=CC=C4)CO3)=N[C@@H](C5=CC=CC=C5)CO1,9,11.218629,8.404287,10.272407
70,CC([C@H]1COC(C2(CCCCCC2)C3=N[C@@H](C(C)C)CO3)=N1)C,7,11.084201,-0.84613144,8.535927
71,CC(C)C[C@@H](CO1)N=C1C(C)(C)C2=N[C@@H](CC(C)C)CO2,7,11.473073,-0.70594084,7.510637
72,CC(C1=N[C@@H](C(C)C)CO1)(CC2=CC=CC=C2)C3=N[C@@H](C(C)C)CO3,0,10.658132,3.0297236,7.7006817
73,C[C@H]1COC(C(C)(CC2=CC=CC=C2)C3=N[C@@H](C)CO3)=N1,0,10.6588955,3.0308049,7.7021656
74,C[C@H]1COC(C(C)(C)C2=N[C@@H](C)CO2)=N1,7,11.137571,-0.5479728,7.690524
75,C[C@H]1COC(C(CC2=CC=C(C(C)(C)C)C=C2)(CC3=CC=C(C(C)(C)C)C=C3)C4=N[C@@H](C)CO4)=N1,0,10.183301,3.6204772,7.695676
76,CC(C1=N[C@@H](C(C)(C)C)CO1)(C)C2=N[C@@H](C(C)(C)C)CO2,7,10.962417,-0.46197182,7.6400914
77,CCC(C1=N[C@@H](C(C)(C)C)CO1)(CC)C2=N[C@@H](C(C)(C)C)CO2,7,10.957511,-0.44229567,7.63822
78,CC([C@H]1COC(C(CC2=CC=CC=C2)(CC3=CC=CC=C3)C4=N[C@@H](C(C)(C)C)CO4)=N1)(C)C,0,10.220138,3.8358192,7.88298
79,CC([C@H]1COC(CC2=N[C@@H](C(C)(C)C)CO2)=N1)(C)C,7,10.937246,-0.42914617,7.6242948
80,CC([C@H]1COC(C2(CCCC2)C3=N[C@@H](C(C)(C)C)CO3)=N1)(C)C,7,10.825241,-0.34466934,7.4648156
81,CC([C@H]1COC(C2(CCCCC2)C3=N[C@@H](C(C)(C)C)CO3)=N1)(C)C,7,10.819108,-0.34102497,7.461489
82,CC([C@H]1COC(C2(CC2)C3=N[C@@H](C(C)(C)C)CO3)=N1)(C)C,7,10.839126,-0.36106557,7.4827766
83,CC([C@H]1COC(C2(CC(C=CC=C3)=C3C2)C4=N[C@@H](C(C)(C)C)CO4)=N1)(C)C,7,10.826668,-0.34477198,7.4606752
84,CC([C@H]1COC(C2(CCC2)C3=N[C@@H](C(C)(C)C)CO3)=N1)(C)C,7,10.823213,-0.34471557,7.4675655
85,CC([C@H]1COC(C2(CCCCCC2)C3=N[C@@H](C(C)(C)C)CO3)=N1)(C)C,7,10.827318,-0.34170628,7.451651
86,CC([C@H]1COC(C(CC2=CC=C(C(C)(C)C)C=C2)(CC3=CC=C(C(C)(C)C)C=C3)C4=N[C@@H](C(C)(C)C)CO4)=N1)(C)C,0,10.204557,3.6932256,7.7882137
87,CC([C@H]1COC(C(C#N)C2=N[C@@H](C(C)C)CO2)=N1)C,7,11.124925,-0.73862606,8.427335
88,CC(C1=N[C@@H](CC2=CC=CC=C2)CO1)C3=N[C@@H](CC4=CC=CC=C4)CO3,9,8.482322,4.482119,9.867039
89,C1(C2(CCCCCC2)C3=N[C@@H](CC4=CC=CC=C4)CO3)=N[C@@H](CC5=CC=CC=C5)CO1,9,8.215062,4.80995,9.736862
90,C1(C2(CCC2)C3=N[C@@H](CC4=CC=CC=C4)CO3)=N[C@@H](CC5=CC=CC=C5)CO1,9,8.233701,4.7902427,9.754324
91,C1(C2(CC3=CC=CC=C3C2)C4=N[C@@H](CC5=CC=CC=C5)CO4)=N[C@@H](CC6=CC=CC=C6)CO1,9,8.238488,4.7860785,9.757904
92,CC(C)C[C@@H](CO1)N=C1CC2=N[C@@H](CC(C)C)CO2,7,11.467493,-0.6978311,7.507425
93,CC(C)C[C@@H](CO1)N=C1C2(CC(C=CC=C3)=C3C2)C4=N[C@@H](CC(C)C)CO4,7,11.461271,-0.69092506,7.5014024
94,CC(C[C@H]1COC(C2(CC2)C3=N[C@@H](CC(C)C)CO3)=N1)C,7,11.456413,-0.68600994,7.4987936
95,CC(C[C@H]1COC(C(CC2=CC=C(C(C)(C)C)C=C2)(CC3=CC=C(C(C)(C)C)C=C3)C4=N[C@@H](CC(C)C)CO4)=N1)C,0,10.070423,3.745607,7.769437
96,CC(C1=N[C@@H](CC(C)C)CO1)(C)C2=N[C@@H](CC(C)C)CO2,7,11.467505,-0.6974931,7.507698
97,CC(C[C@H]1COC(C2(CC(C=CC=C3)=C3C2)C4=N[C@@H](CC(C)C)CO4)=N1)C,7,11.461131,-0.689255,7.4975734
98,C1(CC2=N[C@@H](C3CCCCC3)CO2)=N[C@@H](C4CCCCC4)CO1,7,10.988073,-0.8759225,9.531287
99,CC(C1=N[C@@H](C2CCCCC2)CO1)(C)C3=N[C@@H](C4CCCCC4)CO3,7,11.018565,-0.84895074,9.466689
100,CC(C(C=C1)=CC=C1CC(C2=N[C@@H](C3CCCCC3)CO2)(CC4=CC=C(C(C)(C)C)C=C4)C5=N[C@@H](C6CCCCC6)CO5)(C)C,0,10.184747,3.5850277,7.614479
101,C1(C(CC2=CC=CC=C2)(CC3=CC=CC=C3)C4=N[C@@H](C5CCCCC5)CO4)=N[C@@H](C6CCCCC6)CO1,0,10.191728,3.5625427,7.5861125
102,C1(C2(CCC2)C3=N[C@@H](C4CCCCC4)CO3)=N[C@@H](C5CCCCC5)CO1,7,11.019795,-0.8528289,9.453808
103,C1(C(CC2=C(C=CC=C3)C3=CC4=C2C=CC=C4)(CC5=C(C=CC=C6)C6=CC7=C5C=CC=C7)C8=N[C@@H](C9CCCCC9)CO8)=N[C@@H](C%10CCCCC%10)CO1,0,10.193986,3.5587797,7.5843897
104,CC(C1=N[C@@H](C2CCCCC2)CO1)(CC3=CC=CC=C3)C4=N[C@@H](C5CCCCC5)CO4,0,10.199301,3.5506117,7.5855155
105,CC(C1=N[C@@H](C2=CC=CC=C2)C(C3=CC=CC=C3)(C4=CC=CC=C4)O1)(CC5=CC=CC=C5)C6=N[C@@H](C7=CC=CC=C7)C(C8=CC=CC=C8)(C9=CC=CC=C9)O6,0,9.142707,5.5306783,7.3679543
106,CC(C1=N[C@@H](C2=CC=CC=C2)C(C3=CC=CC=C3)(C4=CC=CC=C4)O1)(C)C5=N[C@@H](C6=CC=CC=C6)C(C7=CC=CC=C7)(C8=CC=CC=C8)O5,0,9.143699,5.5357394,7.3623185
107,C1(C2(CC2)C3=N[C@@H](C4=CC=CC=C4)C(C5=CC=CC=C5)(C6=CC=CC=C6)O3)=N[C@@H](C7=CC=CC=C7)C(C8=CC=CC=C8)(C9=CC=CC=C9)O1,0,9.076966,5.6241674,7.278212
108,C1(C2(CCCC2)C3=N[C@@H](C4=CC=CC=C4)C(C5=CC=CC=C5)(C6=CC=CC=C6)O3)=N[C@@H](C7=CC=CC=C7)C(C8=CC=CC=C8)(C9=CC=CC=C9)O1,0,9.091665,5.6045017,7.296921
109,N#C/C(C1=N[C@H](C2=CC=CC=C2)[C@H](C3=CC=CC=C3)O1)=C4N[C@H](C5=CC=CC=C5)[C@H](C6=CC=CC=C6)O/4,9,8.583545,3.9515123,11.173116
110,CC(C(C=C1)=CC=C1[C@H]2COC(CC3=N[C@@H](C4=CC=C(C(C)(C)C)C=C4)CO3)=N2)(C)C,0,9.53415,4.7503524,7.9874945
111,CC(C(O1)=N[C@@H]2[C@H]1CC3=C2C=CC=C3)C(O4)=N[C@@H]5[C@H]4CC6=C5C=CC=C6,5,0.44425607,9.869022,5.6434145
112,CC(C(O1)=N[C@@H]2[C@H]1CC3=C2C=CC=C3)(C)C(O4)=N[C@@H]5[C@H]4CC6=C5C=CC=C6,5,0.30274108,8.9112425,5.77669
113,C(C1(CC1)C(O2)=N[C@@H]3[C@H]2CC4=C3C=CC=C4)(O5)=N[C@@H]6[C@H]5CC7=C6C=CC=C7,5,0.4674233,9.985818,5.6194787
114,C(C1(CCC1)C(O2)=N[C@@H]3[C@H]2CC4=C3C=CC=C4)(O5)=N[C@@H]6[C@H]5CC7=C6C=CC=C7,5,0.47621936,10.000749,5.6105366
115,C(C1(CCC1)C(O2)=N[C@@H]3[C@H]2CC4=C3C=CC=C4)(O5)=N[C@@H]6[C@H]5CC7=C6C=CC=C7,5,0.47989637,10.007464,5.606831
116,CC(C(O1)=N[C@@H]2[C@H]1CC3=C2C=CC=C3)(CC4=CC=CC=C4)C(O5)=N[C@@H]6[C@H]5CC7=C6C=CC=C7,5,0.29610205,8.848555,5.7840986
117,C(C(CC1=CC=CC=C1)(CC2=CC=CC=C2)C(O3)=N[C@@H]4[C@H]3CC5=C4C=CC=C5)(O6)=N[C@@H]7[C@H]6CC8=C7C=CC=C8,5,0.28097004,8.671215,5.825508
118,C(C(CC1=C2C=CC=CC2=CC=C1)(CC3=C4C=CC=CC4=CC=C3)C(O5)=N[C@@H]6[C@H]5CC7=C6C=CC=C7)(O8)=N[C@@H]9[C@H]8CC%10=C9C=CC=C%10,5,0.2700759,8.639877,5.8395987
119,C(C(CC1=CC=C(C=CC=C2)C2=C1)(CC3=CC=C(C=CC=C4)C4=C3)C(O5)=N[C@@H]6[C@H]5CC7=C6C=CC=C7)(O8)=N[C@@H]9[C@H]8CC%10=C9C=CC=C%10,5,0.2743092,8.60391,5.8286905
120,CC(C=C1)=CC=C1CC(C(O2)=N[C@@H]3[C@H]2CC4=C3C=CC=C4)(CC5=CC=C(C)C=C5)C(O6)=N[C@@H]7[C@H]6CC8=C7C=CC=C8,5,0.143553,8.342291,5.800963
121,C(C1(CCCCCC1)C(O2)=N[C@@H]3[C@H]2CC4=C3C=CC=C4)(O5)=N[C@@H]6[C@H]5CC7=C6C=CC=C7,5,0.51860726,10.052837,5.568038
122,CCC(C(O1)=N[C@@H]2[C@H]1CC3=C2C=CC=C3)(CC)C(O4)=N[C@@H]5[C@H]4CC6=C5C=CC=C6,5,0.23204611,8.748576,5.870259
123,CC1=CC(C)=CC(C2=CC3=C(C=C2)C[C@@H]4[C@H]3N=C(C(CC5=CC=CC=C5)(CC6=CC=CC=C6)C(O7)=N[C@@H]8[C@H]7CC9=C8C=C(C%10=CC(C)=CC(C)=C%10)C=C9)O4)=C1,5,0.032078553,7.1159225,6.0182486
124,C(C(CC1=CC=CC=C1)(CC2=CC=CC=C2)C(O3)=N[C@@H]4[C@H]3CC5=C4C=C(C6=CC=C(C7=CC=CC=C7)C=C6)C=C5)(O8)=N[C@@H]9[C@H]8CC%10=C9C=C(C%11=CC=C(C%12=CC=CC=C%12)C=C%11)C=C%10,5,0.03152732,7.197499,6.0195436
125,CC1=CC=C(C)C=C1C(C=C2)=CC3=C2C[C@@H]4[C@H]3N=C(C(CC5=CC=CC=C5)(CC6=CC=CC=C6)C(O7)=N[C@@H]8[C@H]7CC9=C8C=C(C%10=C(C)C=CC(C)=C%10)C=C9)O4,5,0.030769108,7.086722,6.0205903
126,CC(C(C=C1)=CC=C1CC(C(O2)=N[C@@H]3[C@H]2CC4=C3C=CC=C4)(CC5=CC=C(C(C)(C)C)C=C5)C(O6)=N[C@@H]7[C@H]6CC8=C7C=CC=C8)(C)C,5,0.1418321,8.064075,5.9315276
127,COC(C=C1)=CC=C1CC(C(O2)=N[C@@H]3[C@H]2CC4=C3C=CC=C4)(CC5=CC=C(OC)C=C5)C(O6)=N[C@@H]7[C@H]6CC8=C7C=CC=C8,5,0.1721198,8.393308,5.8280315
128,C(C(CC1=CC=C(C23C[C@H]4C[C@H](C[C@H](C4)C3)C2)C=C1)(CC5=CC=C(C67C[C@H]8C[C@H](C[C@H](C8)C7)C6)C=C5)C(O9)=N[C@@H]%10[C@H]9CC%11=C%10C=CC=C%11)(O%12)=N[C@@H]%13[C@H]%12CC%14=C%13C=CC=C%14,5,0.30617842,8.5896435,5.8469563
129,CC1=CC(CC(C(O2)=N[C@@H]3[C@H]2CC4=C3C=CC=C4)(CC5=CC(C)=CC=C5)C(O6)=N[C@@H]7[C@H]6CC8=C7C=CC=C8)=CC=C1,5,0.115458265,8.258732,5.8270516
130,CC(C1=CC(C(C)(C)C)=CC(CC(C(O2)=N[C@@H]3[C@H]2CC4=C3C=CC=C4)(CC5=CC(C(C)(C)C)=CC(C(C)(C)C)=C5)C(O6)=N[C@@H]7[C@H]6CC8=C7C=CC=C8)=C1)(C)C,5,0.12993836,8.096034,5.911421
131,CC(C(O1)=N[C@@H]2[C@H]1CC3=C2C=CC=C3)(CC4=N[C@@H](C(C=CC=C5)=C5C6)[C@@H]6O4)C(O7)=N[C@@H]8[C@H]7CC9=C8C=CC=C9,5,0.29696733,8.881402,5.771153
132,C(C1(CC(C=CC=C2)=C2C1)C(O3)=N[C@@H]4[C@H]3CC5=C4C=CC=C5)(O6)=N[C@@H]7[C@H]6CC8=C7C=CC=C8,5,0.48505297,10.004257,5.601781
133,CC1=CC(C)=CC(CC(C(O2)=N[C@@H]3[C@H]2CC4=C3C=CC=C4)(CC5=CC(C)=CC(C)=C5)C(O6)=N[C@@H]7[C@H]6CC8=C7C=CC=C8)=C1,5,0.10754739,8.242882,5.8266897
134,C(C1(CCCCC1)C(O2)=N[C@@H]3[C@H]2CC4=C3C=CC=C4)(O5)=N[C@@H]6[C@H]5CC7=C6C=CC=C7,5,0.4935658,10.029665,5.5930157
135,CCCC(C(O1)=N[C@@H]2[C@H]1CC3=C2C=CC=C3)(CCC)C(O4)=N[C@@H]5[C@H]4CC6=C5C=CC=C6,5,0.24600592,8.743294,5.8446813
136,CC1=CC(C)=CC(C)=C1C(C=C2)=CC3=C2C[C@@H]4[C@H]3N=C(C(CC)(CC)C(O5)=N[C@@H]6[C@H]5CC7=C6C=C(C8=C(C)C=C(C)C=C8C)C=C7)O4,5,0.034781568,7.1142807,6.015351
137,CC(C(O1)=N[C@@H]2[C@H]1CC3=C2C=C(C4=CC=C(C(C)(C)C)C=C4)C=C3)(C)C(O5)=N[C@@H]6[C@H]5CC7=C6C=C(C8=CC=C(C(C)(C)C)C=C8)C=C7,5,0.04441085,7.5583177,6.0083265
138,ClC(C=C1)=CC=C1CC(C(O2)=N[C@@H]3[C@H]2CC4=C3C=CC=C4)(CC5=CC=C(Cl)C=C5)C(O6)=N[C@@H]7[C@H]6CC8=C7C=CC=C8,5,0.26338404,8.532216,5.8285127
139,C(C(CC1CCCCC1)(CC2CCCCC2)C(O3)=N[C@@H]4[C@H]3CC5=C4C=CC=C5)(O6)=N[C@@H]7[C@H]6CC8=C7C=CC=C8,5,0.27594456,8.765157,5.834317
140,CC(C=C1C)=CC(C)=C1CC(C(O2)=N[C@@H]3[C@H]2CC4=C3C=CC=C4)(CC5=C(C)C=C(C)C=C5C)C(O6)=N[C@@H]7[C@H]6CC8=C7C=CC=C8,5,0.08306647,8.165948,5.8533816
141,CC(C)C(C=C1)=CC=C1CC(C(O2)=N[C@@H]3[C@H]2CC4=C3C=CC=C4)(CC5=CC=C(C(C)C)C=C5)C(O6)=N[C@@H]7[C@H]6CC8=C7C=CC=C8,5,0.15800214,8.375828,5.8271194
142,CC(C=C1)=CC=C1CC(C(O2)=N[C@@H]3[C@H]2CC4=C3C=C(C5=C(C=CC=C6)C6=CC7=C5C=CC=C7)C=C4)(CC8=CC=C(C)C=C8)C(O9)=N[C@@H]%10[C@H]9CC%11=C%10C=C(C%12=C(C=CC=C%13)C%13=CC%14=C%12C=CC=C%14)C=C%11,5,0.034069084,7.109813,6.016255
143,CC(C=C1)=CC=C1CC(C(O2)=N[C@@H]3[C@H]2CC4=C3C=C(C5=C(C=CC=C6)C6=CC=C5C)C=C4)(CC7=CC=C(C)C=C7)C(O8)=N[C@@H]9[C@H]8CC%10=C9C=C(C%11=C(C)C=CC%12=C%11C=CC=C%12)C=C%10,5,0.032400444,7.0965333,6.0186067
144,CC(C=C1)=CC=C1CC(C(O2)=N[C@@H]3[C@H]2CC4=C3C=C(C5=C(C)C=C(C)C=C5C)C=C4)(CC6=CC=C(C)C=C6)C(O7)=N[C@@H]8[C@H]7CC9=C8C=C(C%10=C(C)C=C(C)C=C%10C)C=C9,5,0.033877414,7.105114,6.0165844
145,C(C(CC1CCCC1)(CC2CCCC2)C(O3)=N[C@@H]4[C@H]3CC5=C4C=CC=C5)(O6)=N[C@@H]7[C@H]6CC8=C7C=CC=C8,5,0.27552027,8.764394,5.833101
146,C(C(CC1CC(C=CC=C2)=C2C1)(CC3CC(C=CC=C4)=C4C3)C(O5)=N[C@@H]6[C@H]5CC7=C6C=CC=C7)(O8)=N[C@@H]9[C@H]8CC%10=C9C=CC=C%10,5,0.27348095,8.76446,5.832619
147,CC(C(C=C1)=CC(C(C)(C)C)=C1CC(C(O2)=N[C@@H]3[C@H]2CC4=C3C=CC=C4)(CC5=CC=C(C(C)(C)C)C=C5C(C)(C)C)C(O6)=N[C@@H]7[C@H]6CC8=C7C=CC=C8)(C)C,5,0.117873535,8.014017,5.9328904
148,CC(C)(C)[C@@H](CO1)N=C1C2=NC=CC=C2,7,10.154723,-1.767248,10.076733
149,CC(C)[C@@H](CO1)N=C1C2=NC=CC=C2,7,10.40141,-1.3579899,10.239408
150,C1(C2=N[C@@H](CC3=CC=CC=C3)CO2)=NC=CC=C1,3,8.827504,0.21548572,12.110934
151,CC(C)(C)[C@H](CO1)N=C1C2=NC=CC=N2,7,10.15657,-1.8145772,10.117126
152,CC(C)(C)[C@@H](CO1)N=C1C2=NC=CC(C(F)(F)F)=C2,7,10.175614,-1.7980525,10.110416
153,C1(C2=N[C@@H](C(C=CC=C3)=C3C4)[C@@H]4O2)=NC=CC=C1,9,9.101295,4.3607607,13.276295
154,C1(C2=N[C@@H](C3=CC=CC=C3)CO2)=NC=CC=C1,3,8.846552,0.14678048,12.292271
155,CC(C)(C)[C@@H](CO1)N=C1C2=NC=C(C(F)(F)F)C=C2,7,10.172567,-1.8112818,10.112879
156,CC(C)(C)[C@@H](CO1)N=C1C2=NC(CC3=CC=CC=C3)=CC=C2,7,10.107753,-1.9358519,10.231442
157,CC(C)[C@H](CO1)N=C1C2=NC=CN=C2,7,10.39017,-1.353899,10.294687
158,CC(C)[C@@H](CO1)N=C1C2=NC(C)=CC(OC)=C2,7,10.397384,-1.3429178,10.304107
159,CC(C)[C@@H](CO1)N=C1C2=NC(C(C3=CC=CC=C3)C4=CC=CC=C4)=CC=C2,7,10.582145,-1.1881931,10.160213
160,C1(C2=N[C@H](C3=CC=CC=C3)CO2)=NC=CC=N1,3,8.84983,0.13890974,12.290026
161,CC(C)[C@H](CO1)N=C1C2=NC(C3=CC=CC=C3)=CC=C2,7,10.5517645,-1.2003472,10.173387
162,CC(C)(C)[C@H](CO1)N=C1C2=NC(C3=CC=CC=C3)=CC=C2,7,10.072284,-1.9787745,10.270761
163,FC(C1=CC(C2=N[C@H](C(C=CC=C3)=C3C4)[C@H]4O2)=NC=C1)(F)F,9,9.088424,4.297108,13.024944
164,FC(C1=CC(C2=N[C@@H](C3=CC=CC=C3)[C@@H](C4=CC=CC=C4)O2)=NC=C1)(F)F,9,9.0465,4.1464295,12.380645
165,FC(C1=CN=C(C2=N[C@H](C3=CC=CC=C3)[C@@H](C4=CC=CC=C4)O2)C=C1)(F)F,9,9.003606,4.0979404,12.305955
166,CC1=CC=CC(C2=N[C@H](C3=CC=CC=C3)CO2)=N1,3,8.847632,0.13859186,12.33917
167,C1(C2=CC=CC=C2)=CC=CC(C3=N[C@H](C(C=CC=C4)=C4C5)[C@H]5O3)=N1,9,9.129569,4.392444,13.311363
168,C1(C2=N[C@H](C3=CC=CC=C3)[C@H](C4=CC=CC=C4)O2)=NC=CC=C1,9,8.997936,4.114633,12.281303
169,C1(CCCC2)=C2N=C(C3=N[C@H](C4=CC=CC=C4)C(C5=CC=CC=C5)(C6=CC=CC=C6)O3)C=C1,0,9.090488,5.627375,7.278451
170,C1(CC2=CC=CC=N2)=N[C@H](C3=CC=CC=C3)[C@H](C4=CC=CC=C4)O1,9,8.955012,4.2454123,11.996918
171,CC[C@H](CO1)N=C1CC2=CC=CC=N2,7,10.275834,-1.5166699,9.900344
172,C[C@H](CO1)N=C1CC2=CC=CC=N2,7,10.262398,-1.5416145,9.887896
173,C1(C(C2CCCC2)C3CCCC3)=CC=CC(C4=N[C@@H](C(C=CC=C5)=C5C6)[C@@H]6O4)=N1,9,9.115539,4.3811207,13.320566
174,CC(C1=CC=CC(N1)=O)(C)C2=N[C@H](C3=CC=CC=C3)CO2,0,9.453352,4.4484243,8.442516
175,O=C(N1)C=CC=C1C2(CCCCC2)C3=N[C@H](C4=CC=CC=C4)CO3,9,11.21188,8.4023905,10.259952
176,O=C(N1)C=CC=C1C(C)(C)C2=N[C@@H](C3=CC=CC=C3)[C@H](C4=CC=CC=C4)O2,9,8.787771,4.4269714,11.542454
177,CC(C1=CC=CC(N1)=O)(C)C2=N[C@@H](C(C)(C)C)CO2,7,11.032176,-0.4102637,7.7433057
178,CC(C)C[C@H](CO1)N=C1C2=NC(C(C3=CC=CC=C3)C4=CC=CC=C4)=CC=C2,7,10.63498,-1.1353618,10.054497
179,C1(C2CC2)=CC=CC(C3=N[C@@H](C4CCCCC4)CO3)=N1,7,10.864665,-0.9553734,9.779832
180,C12=CC=CC=C1C=CC(C3=N[C@H](C4=CC=CC=C4)CO3)=N2,3,8.834342,0.1528364,12.3258915
181,C12=CC=CC=C1C=CC(C3=N[C@H](C(C=CC=C4)=C4C5)[C@H]5O3)=N2,9,9.1447935,4.4075546,13.31425
182,CC(C)(C)[C@@H](CO1)N=C1C2=NC3=CC=CC=C3C=C2,7,10.150668,-1.8793722,10.192588
183,CC(C)[C@H](CO1)N=C1C2=NC3=CC=CC=C3C=C2,7,10.429959,-1.3397192,10.2645645
184,CC(C)[C@H](CO1)N=C1C2=NC=CC3=C2C=CC=C3,7,10.416236,-1.335925,10.26159
185,C1(C=CC=C2)=C2N=C(C3=N[C@H](C4=CC=CC=C4)[C@@H](C5=CC=CC=C5)O3)C=C1,9,9.026207,4.1012807,12.294426
186,C1(C=CC=C2)=C2N=C(C3=NCCO3)C=C1,7,10.40387,-1.1009574,10.625768
187,C1(C=CC=N2)=C2N=C(C3=N[C@@H](C4=CC=CC=C4)[C@@H](C5=CC=CC=C5)O3)C=C1,9,9.002506,4.1009736,12.276354
188,C12=CC=CC=C1C=CC(C3=N[C@@H](CC4=CC=CC=C4)CO3)=N2,3,8.797564,0.23010099,12.141709
189,CC(C)(C)[C@@H](CO1)N=C1C2=NC3=C(CCCC3)C=C2,7,10.182721,-1.8878531,10.169214
190,C1(CCCC2)=C2N=C(C3=N[C@@H](C(C=CC=C4)=C4C5)[C@@H]5O3)C=C1,9,9.149021,4.4132323,13.335315
191,C1(C2=N[C@@H](C(C=CC=C3)=C3C4)[C@@H]4O2)=NC=CC5=C1C=CC=C5,9,9.127792,4.3902726,13.307334
192,C12=CN=C(C3=N[C@@H](C(C=CC=C4)=C4C5)[C@@H]5O3)C=C1C=CC=C2,9,9.158321,4.418453,13.291736
193,CC(C)(C)[C@H](CO1)N=C1C2=NC3=C(C=CC=N3)C=C2,7,10.129555,-1.8799646,10.17344
194,C1(SC(C2=N[C@@H](C3=CC=CC=C3)[C@H](C4=CC=CC=C4)O2)=C5)=C5C=CC=C1,9,9.013277,4.00652,12.257861
195,C1(SC(C2=N[C@@H](CC3=CC=CC=C3)CO2)=C4)=C4C=CC=C1,3,9.126997,0.1507482,11.751848
196,C1(SC(C2=N[C@@H](C3=CC=CC=C3)CO2)=C4)=C4C=CC=C1,3,9.13394,0.16231172,11.742539
197,CC(C)(C)[C@H](CO1)N=C1C2=CC3=C(S2)C=CC=C3,3,9.172185,0.119623296,11.700402
198,CC(C)[C@H](CO1)N=C1C2=CC3=C(S2)C=CC=C3,3,9.164164,0.12906219,11.709677
199,C1(P(C2=CC=CC=C2)C3=CC=CC=C3)=C(C4=N[C@H](C5=CC=CC=C5)CO4)C=CC=C1,3,5.8828177,1.1994044,12.834853
200,C1(P(C2=CC=CC=C2)C3=CC=CC=C3)=C(C4=N[C@H](CC5=CC=CC=C5)CO4)C=CC=C1,3,6.0005584,1.1750048,12.924905
201,CC(C[C@H](CO1)N=C1C2=C(P(C3=CC=CC=C3)C4=CC=CC=C4)C=CC=C2)C,3,6.118265,1.2003939,12.898141
202,C1(P(C2=CC=CC=C2)C3=CC=CC=C3)=C(C4=N[C@H](C5CCCCC5)CO4)C=CC=C1,3,6.024456,1.1744223,12.915729
203,CC(C)[C@H](CO1)N=C1C2=C(P(C3=CC=CC=C3)C4=CC=CC=C4)C=CC=C2,3,6.190081,1.2362214,12.793458
204,C[C@@H](CC)[C@@H](CO1)N=C1C2=C(P(C3=CC=CC=C3)C4=CC=CC=C4)C=CC=C2,3,6.0767193,1.1862636,12.859165
205,CC(C)C[C@@H](CO1)N=C1C2=C(P(C3=CC=CC=C3)C4=CC=CC=C4)C=CC=C2,3,6.098118,1.1874534,12.863345
206,CC(C)[C@@H](C(C)(C)O1)N=C1C2=C(P(C3=CC=CC=C3)C4=CC=CC=C4)C=CC=C2,3,6.1479607,1.8142136,12.820068
207,C1(P(C2=CC=CC=C2)C3=CC=CC=C3)=C(C4=N[C@H](C(C=CC=C5)=C5C6)[C@H]6O4)C=CC=C1,3,6.0196023,2.03306,12.944758
208,CC(C)[C@@H](C(C1=CC=CC=C1)(C2=CC=CC=C2)O3)N=C3C4=C(P(C5=CC=CC=C5)C6=CC=CC=C6)C=CC=C4,3,6.1012893,1.8949077,12.852844
209,CC(C)(C)[C@@H](C(C1=CC=CC=C1)(C2=CC=CC=C2)O3)N=C3C4=C(P(C5=CC=CC=C5)C6=CC=CC=C6)C=CC=C4,3,6.085977,1.9101691,12.862769
210,C1(P(C2=CC=CC=C2)C3=CC=CC=C3)=C(C4=N[C@H](C5=CC=CC=C5)C(C6=CC=CC=C6)(C7=CC=CC=C7)O4)C=CC=C1,3,6.0581665,1.9709895,12.900991
211,COC1=CC(C2=N[C@@H](C3=CC=CC=C3)CO2)=C(P(C4=CC=CC=C4)C5=CC=CC=C5)C=C1,3,5.8418493,1.1766071,12.798904
212,C1(P(C2=CC=CC=C2)C3=CC=CC=C3)=C(C4=N[C@H](C5=CC=CC=C5)[C@H](C6=CC=CC=C6)O4)C=CC=C1,3,6.04058,2.008164,12.921833
213,C1(P(C2=CC=CC=C2)C3=CC=CC=C3)=C(C4=N[C@H](C5=CC=CC=C5)[C@@H](C6=CC=CC=C6)O4)C=CC=C1,3,6.0188847,2.0382664,12.948428
214,CC([C@@H](CO1)N=C1[C@@H]2N(P(C3=CC=CC=C3)C4=CC=CC=C4)CCCC2)C,3,6.4402905,1.1355618,12.685058
215,CC([C@H](CO1)N=C1C2=C(P(C3=CC(C(F)(F)F)=CC(C(F)(F)F)=C3)C4=CC(C(F)(F)F)=CC(C(F)(F)F)=C4)C=CC(C(F)(F)F)=C2)(C)C,3,5.5103016,1.1616155,12.804477
216,CC(C)[C@@H](CO1)N=C1C2=C(P(C3=CC(C(F)(F)F)=CC(C(F)(F)F)=C3)C4=CC(C(F)(F)F)=CC(C(F)(F)F)=C4)C=CC=C2,3,5.5527964,1.1828707,12.823053
217,FC(C(C=C1)=CC=C1P(C2=CC=C(C(F)(F)F)C=C2)C3=C(C4=N[C@H](C5=CC=CC=C5)CO4)C=CC=C3)(F)F,3,5.5600386,1.15435,12.796799
218,CC([C@@H](CO1)N=C1C2=C(P(C3=CC(C(F)(F)F)=CC(C(F)(F)F)=C3)C4=CC(C(F)(F)F)=CC(C(F)(F)F)=C4)C=CC=C2)(C)C,3,5.489452,1.1817192,12.823213
219,CC(C)[C@@H](CO1)N=C1C2=C(P(C3=CC=C(OC)C=C3)C4=CC=C(OC)C=C4)C=CC=C2,3,5.947637,1.1696566,12.792389
220,ClC1=CC=CC(P(C2=CC=CC=C2)C3=CC=CC=C3)=C1C4=N[C@H](CC5=CC=CC=C5)CO4,3,6.034235,1.1991125,12.932752
221,CC([C@@H](CO1)N=C1CC2=C(P(C3=CC=CC=C3)C4=CC=CC=C4)C=CC=C2)(C)C,3,4.63608,1.6003622,13.315749
222,CC(C1=N[C@@H](C(C)(C)C)CO1)(C)C2=C(P(C3=CC=CC=C3)C4=CC=CC=C4)C=CC=C2,3,4.648886,1.6078296,13.315275
223,CC(C1=N[C@@H](C(C)C)CO1)(C)CP(C2=CC=CC=C2)C3=CC=CC=C3,0,10.659366,3.0246878,7.703695
224,CC(C)([C@H]1COC(C2=C(P(C3=CC=CC=C3)C4=CC=CC=C4)C([Fe]C5C=CC=C5)C=C2)=N1)C,3,4.3906364,1.5871795,13.6028385
225,C1(C2=N[C@@H](C3=CC=CC=C3)CO2)=C(P(C4=CC=CC=C4)C5=CC=CC=C5)C([Fe]C6C=CC=C6)C=C1,3,4.361915,1.5668144,13.63793
226,CC([C@H]1COC(C2=C(P(C3=CC=CC=C3)C4=CC=CC=C4)C([Fe]C5C=CC=C5)C=C2)=N1)C,3,4.3634834,1.5832405,13.632205
227,CC(C)C[C@H]1COC(C2=C(P(C3=CC=CC=C3)C4=CC=CC=C4)C([Fe]C5C=CC=C5)C=C2)=N1,3,4.3594337,1.5806756,13.637177
228,C1(C[C@H]2COC(C3=C(P(C4=CC=CC=C4)C5=CC=CC=C5)C([Fe]C6C=CC=C6)C=C3)=N2)=CC=CC=C1,3,4.347903,1.5545119,13.656173
229,CC[C@H](C)[C@H]1COC(C2=C([C@H]([Fe]C3C=CC=C3)C=C2)P(C4=CC=CC=C4)C5=CC=CC=C5)=N1,3,4.367825,1.5758775,13.629561
230,CC([C@H]1COC(C2=C(P(C3=CC=C(C=C3)OC)C4=CC=C(C=C4)OC)C([Fe]C5C=CC=C5)C=C2)=N1)C,3,4.3294296,1.6276478,13.6637945
231,CC([C@H]1COC(C2=C(P(C3=CC=CC4=C3C=CC=C4)C5=CC=CC6=C5C=CC=C6)C([Fe]C7C=CC=C7)C=C2)=N1)C,3,4.3360896,1.6218151,13.652033
232,C[C@H](C1=C(C(C=C1)[Fe]C2C=CC=C2)P(C3=CC=CC=C3)C4=CC=CC=C4)N(C)C,6,-2.3464832,-5.5020003,17.222446
233,C[C@H](N(C)C)C1=C(P(C2=CC=CC=C2)C3=CC=CC=C3)C([Fe]C4C=CC=C4)C=C1,6,-2.3755639,-5.4949083,17.228636
234,C[C@@H](N(C)C)C1=C(P(C2=CC=CC=C2)C3=CC=CC=C3)C([Fe]C4C(P(C5=CC=CC=C5)C6=CC=CC=C6)=CC=C4)C=C1,6,-2.4029486,-5.4691396,17.225758
235,C[C@H](N(C)C)C1=C(P(C2=CC=CC=C2)C3=CC=CC=C3)C([Fe]C4C(P(C5=CC=CC=C5)C6=CC=CC=C6)=CC=C4)C=C1,6,-2.4145753,-5.4672713,17.225323
236,C[C@@H](N(C)C)C1=C(P(C2=CC=C(C(F)(F)F)C=C2)C3=CC=C(C(F)(F)F)C=C3)C([Fe]C4C=CC=C4)C=C1,6,-1.9434538,-5.5000377,17.318737
237,CN(P(C1=CC=CC=C1)C2=CC=CC=C2)[C@H](C)C3=C(P(C4=CC=CC=C4)C5=CC=CC=C5)C([Fe]C6C=CC=C6)C=C3,6,-2.3015373,-5.5293465,17.218382
238,CN(C1=CC=CC=C1P(C23C[C@H]4C[C@H](C[C@H](C4)C3)C2)C56C[C@H]7C[C@H](C[C@H](C7)C6)C5)C,8,-3.0288908,-2.2096517,5.276394
239,N[C@@H](CCC1)C2=C1C=CC=C2P(C3=CC=CC=C3)C4=CC=CC=C4,8,-0.116243966,-0.26372087,5.4794173
240,N[C@@H](C)C1=CC=CC=C1P(C2=CC=CC=C2)C3=CC=CC=C3,8,-0.11289702,-0.29041737,5.4703293
241,NCCCP(C1=CC=CC=C1)C2=CC=CC=C2,8,1.5959816,-0.33248392,5.043428
242,CC(CO1)(C)N=C1C2=C(P(C3=CC=CC=C3)C4=CC=CC=C4)C=CC=C2,3,6.4482093,1.5177475,12.64676
243,P(C1=CC=CC=C1)(C2=CC=CC=C2)CCNCCP(C3=CC=CC=C3)C4=CC=CC=C4,8,1.6162004,-0.33296975,5.042956
244,C1(CCP(C2=CC=CC=C2)C3=CC=CC=C3)=NC=CC=C1,8,1.6381176,-0.3013396,5.0800037
245,CC(C)[C@@H](N)CP(C1=CC=CC=C1)C2=CC=CC=C2,8,1.5067462,-0.31271824,5.0513883
246,C1(P(C2=CC=CC=C2)C[C@H]3NCCC3)=CC=CC=C1,8,1.6156777,-0.3313822,5.044525
247,CC1(C)C2=C(C([C@@H](C3=CC=CC=C3C)N[S@@](C(C)(C)C)=O)=CC=C2)OC4=C1C=CC=C4P(C5=CC=CC=C5)C6=CC=CC=C6,2,-0.50494164,2.848548,7.076741
248,CC1(C)C2=C(C([C@@H](C3=CC=CC=C3)N[S@@](C(C)(C)C)=O)=CC=C2)OC4=C1C=CC=C4P(C5=CC=CC=C5)C6=CC=CC=C6,2,-0.50963753,2.855561,7.0808935
249,CC1(C)C2=C(C([C@H](C3=CC=C(C(C)(C)C)C=C3)N[S@@](C(C)(C)C)=O)=CC=C2)OC4=C1C=CC=C4P(C5=CC=CC=C5)C6=CC=CC=C6,2,-0.51146203,2.8621118,7.07636
250,O=[S@](C(C)(C)C)N[C@H](C1=CC=CC2=C1C=CC=C2)C3=C(P(C4=CC=CC=C4)C5=CC=CC=C5)C=CC=C3,2,-4.7650223,0.70205295,12.069656
251,C[C@H](C1=CC=CC=C1)N([C@H](C)C2=CC=CC=C2)P3OC4=CC=CC5=C4[C@]6(CCC7=C6C(O3)=CC=C7)CC5,2,-0.52329344,1.20313,7.5795355
252,C1(C(P(C2=CC=CC=C2)C3=CC=CC=C3)=CC=C4)=C4CC[C@@]15CCC6=C5C(P(C7=CC=CC=C7)C8=CC=CC=C8)=CC=C6,2,-0.7514676,1.1581272,7.2787952
253,CN(C)P1OC2=CC=CC3=C2[C@]4(CCC5=C4C(O1)=CC=C5)CC3,2,-0.52738243,1.2097015,7.5831904
254,C1(C(OP(N2C(C=CC=C3)=C3C=CC4=C2C=CC=C4)O5)=CC=C6)=C6CC[C@@]17CCC8=C7C5=CC=C8,2,-0.5173672,1.2036973,7.5863523
255,C1(C(OP(OC2=CC=CC=C2)O3)=CC=C4)=C4CC[C@@]15CCC6=C5C3=CC=C6,2,-0.5177653,1.204562,7.5865884
256,NCCP1CC2=C(C3=C(C=CC=C4)C4=CC=C3C1)C5=CC=CC=C5C=C2,1,-2.0215805,1.2800579,4.4152646
257,C[C@H](N)[C@H](C1=CC=CC=C1)P2CC3=C(C4=C(C=CC=C5)C5=CC=C4C2)C6=CC=CC=C6C=C3,8,-0.53030616,-0.30219182,5.1795235
258,O=[S@](C(C)(C)C)N[C@H](C1=CC(C=CC=C2)=C2C=C1)C3=C(P(C4CCCCC4)C5CCCCC5)C=CC=C3,2,0.34882447,-0.76105154,11.196895
259,O=[S@](C(C)(C)C)N[C@H](CP(C1=CC=CC=C1)C2=CC=CC=C2)C3=CC=CC=C3,2,-4.753756,0.70827055,12.064434
260,C[C@@H](N[S@@](C(C)(C)C)=O)C1=C(P(C2=CC=CC=C2)C3=CC=CC=C3)C=CC=C1,2,-4.764538,0.70403147,12.073605
261,O=[S@](C(C)(C)C)N[C@H](C(C)(C)C)C1=C(P(C2=CC=CC=C2)C3=CC=CC=C3)C=CC=C1,2,-4.7487507,0.71140444,12.114621
262,O=[S@](C(C)(C)C)N[C@@H](C1=CC(C(C)(C)C)=C(OC)C(C(C)(C)C)=C1)C2=C(P(C3CCCCC3)C4CCCCC4)C(OCC5=CC=CC=C5)=CC=C2,2,0.45714974,-0.72249097,11.375325
263,CC1(C)C2=C(C([C@H](C34C[C@H]5C[C@H](C[C@H](C5)C4)C3)N[S@@](C(C)(C)C)=O)=CC=C2)OC6=C1C=CC=C6P(C7=CC=CC=C7)C8=CC=CC=C8,2,-0.5382642,2.9178534,7.1060233
264,O=[S@](C(C)(C)C)N(C)[C@@H](C1=CC(C(C)(C)C)=C(OC)C(C(C)(C)C)=C1)C2=C(P(C3CCCCC3)C4CCCCC4)C(OCC5=CC=CC=C5)=CC=C2,2,0.42320803,-0.7489919,11.334036
265,O=[S@](C(C)(C)C)N[C@H](C1=CC=CC=C1)C2=C(P(C3CCCCC3)C4CCCCC4)C(OCC5=CC=CC=C5)=CC=C2,2,0.44915855,-0.7256949,11.363013
266,O=[S@](C(C)(C)C)N[C@@H](C1=CC(C=CC=C2)=C2C=C1)C3=C(P(C4CCCCC4)C5CCCCC5)C(OCC6=CC=CC=C6)=CC=C3,2,0.47220916,-0.7153346,11.393847
267,CC(C=C1C)=CC(C)=C1N(CCN2C3=C(C)C=C(C)C=C3C)P2([H])=O,1,-4.281805,0.49188647,5.0125446
268,CC([C@@H](CP(C1=CC=CC=C1)C2=CC=CC=C2)N[S@@](C(C)(C)C)=O)(C)C,2,-4.738083,0.6936961,12.083892
269,O=[S@](C(C)(C)C)N(C)[C@H](C1=CC=CC=C1)C2=C(P(C3CCCCC3)C4CCCCC4)C=CC=C2,2,0.3146319,-0.7419376,11.150208
270,O=[S@](C(C)(C)C)N[C@H](C1=CC=C(OC)C=C1)C2=C(P(C3=CC=CC=C3)C4=CC=CC=C4)C=CC=C2,2,-4.806379,0.7571562,12.004406
271,CC1(C)C2=C(C([C@H](C3=CC=C(OC)C=C3)N[S@@](C(C)(C)C)=O)=CC=C2)OC4=C1C=CC=C4P(C5=CC=CC=C5)C6=CC=CC=C6,2,-0.49460515,2.8469274,7.06697
272,CC1(C)C2=C(C([C@@H](C)N[S@@](C(C)(C)C)=O)=CC=C2)OC3=C1C=CC=C3P(C4=CC=CC=C4)C5=CC=CC=C5,2,-0.54903406,2.9075346,7.1182857
273,O=[S@](C(C)(C)C)N(C)[C@H](C1=CC(C(F)(F)F)=CC(C(F)(F)F)=C1)C2=C(P(C3CCCCC3)C4CCCCC4)C=CC=C2,2,0.38958913,-0.822587,11.285505
274,O=[S@](C(C)(C)C)N[C@@H](C1=CC=CC=C1)C2=C(P(C(C)(C)C)C(C)(C)C)C=CC=C2,2,-4.8728433,0.8240132,11.928322
275,O=[S@](C(C)(C)C)N[C@@H](C1=CC=C(OC)C=C1)C2=C(P(C(C)(C)C)C(C)(C)C)C=CC=C2,2,-4.8575354,0.8087768,11.946659
276,O=[S@](C(C)(C)C)N[C@@H](C1=CC(C)=CC(C)=C1)C2=C(P(C3=CC=CC=C3)C4=CC=CC=C4)C=CC=C2,2,-4.790431,0.74267375,12.022223
277,O=[S@](C(C)(C)C)N[C@H](C1=CC(C(F)(F)F)=CC(C(F)(F)F)=C1)C2=C(P(C3=CC=CC=C3)C4=CC=CC=C4)C=CC=C2,2,-4.7686033,0.7791001,11.982916
278,O=[S@](C(C)(C)C)N[C@H](C(C)(C)C)C1=C(P(C2CCCCC2)C3CCCCC3)C=CC=C1,2,0.31434235,-0.7600944,11.158519
279,O=[S@](C(C)(C)C)N[C@H](C1=CC=CC=C1C)C2=C(P(C3CCCCC3)C4CCCCC4)C=CC=C2,2,0.30768427,-0.74937737,11.143004
280,O=[S@](C(C)(C)C)N[C@@H](C1=CC(C=CC=C2)=C2C=C1)C3=C(P(C4CCCCC4)C5CCCCC5)C=CC=C3,2,0.33876002,-0.7549841,11.185892
281,O=[S@](C(C)(C)C)N[C@@H](C1=CC=CC=C1)C2=C(P(C3=CC=CC=C3)C4=CC=CC=C4)C=C(OC)C(OC)=C2,2,-4.790775,0.748106,12.014616
282,O=[S@](C(C)(C)C)N[C@H](C1=CC=CC2=C1C=CC=C2)C3=C(P(C4=CC=CC=C4)C5=CC=CC=C5)C=CC=C3,2,-4.7882295,0.66336626,12.0778265
283,P(C1CCCCC1)(C2CCCCC2)CCCCP(C3CCCCC3)C4CCCCC4,8,-2.842823,-2.8497508,5.825465
284,CC(P(C(C)(C)C)CC1=C(CP(C(C)(C)C)C(C)(C)C)C=CC=C1)(C)C,8,-3.1686683,-2.173546,5.144197
285,CC(P(C(C)(C)C)CC1=CC(CP(C(C)(C)C)C(C)(C)C)=CC=C1)(C)C,8,-3.1690195,-2.148996,5.145333
286,P(C1CCCCC1)(C2CCCCC2)CCCP(C3CCCCC3)C4CCCCC4,8,-2.8486996,-2.8450367,5.818637
287,P(C1CCCCC1)(C2CCCCC2)CP(C3CCCCC3)C4CCCCC4,8,-2.8324134,-2.8583684,5.8324747
288,CCP(CC)CCP(CC)CC,8,-3.4058197,-2.3627586,5.244392
289,C1(P(C2=CC=CC=C2)C3=CC=CC=C3)=CC=CC=C1OC4=C(P(C5=CC=CC=C5)C6=CC=CC=C6)C=CC=C4,8,-0.030175153,0.033164155,5.701853
290,P(C1=CC=CC=C1)(C2=CC=CC=C2)CCCP(C3=CC=CC=C3)C4=CC=CC=C4,8,1.6125124,-0.32905895,5.0474043
291,CC1(C)C2=C(C(P(C(C)(C)C)C(C)(C)C)=CC=C2)OC3=C1C=CC=C3P(C(C)(C)C)C(C)(C)C,2,-0.535552,2.2736437,7.1247306
292,C1(P(C2=CC=CC=C2)C3=CC=CC=C3)=CC=CC4=C1OC(C(P(C5=CC=CC=C5)C6=CC=CC=C6)=CC=C7)=C7N4,8,-0.07078654,0.089921325,5.7273574
293,C1(P(C2CCCCC2)C3CCCCC3)=CC=CC=C1OC4=C(P(C5CCCCC5)C6CCCCC6)C=CC=C4,2,0.28102964,-0.6298235,11.087663
294,CC(C)N(P(C1=CC=CC=C1)C2=CC=CC=C2)P(C3=CC=CC=C3)C4=CC=CC=C4,8,0.07935614,-0.061447553,5.514563
295,CC1(C)C2=C(C(P(C3=CC=CC=C3)C4=CC=CC=C4)=CC(S(=O)(O[Na])=O)=C2)OC5=C1C=C(S(=O)(O[Na])=O)C=C5P(C6=CC=CC=C6)C7=CC=CC=C7,2,-0.47394347,2.8211277,7.0483117
296,C1(P(C2=CC=CC=C2)NP(C3=CC=CC=C3)C4=CC=CC=C4)=CC=CC=C1,8,0.085546404,-0.050069068,5.494439
297,C1(OP2OC(C=CC=C3)=C3C(C=CC=C4)=C4O2)=CC=CC=C1C5=C(OP6OC(C=CC=C7)=C7C(C=CC=C8)=C8O6)C=CC=C5,1,-2.1452944,1.4688244,4.578669
298,C1(P(/C=C/P(C2=CC=CC=C2)C3=CC=CC=C3)C4=CC=CC=C4)=CC=CC=C1,8,0.07896888,-0.06107748,5.515338
299,C1(P(C2=CC=CC=C2)C3=CC=CC=C3)=C(P(C4=CC=CC=C4)C5=CC=CC=C5)C=CC=C1,8,0.009479767,-0.07161388,5.5561857
300,C=C(P(C1=CC=CC=C1)C2=CC=CC=C2)P(C3=CC=CC=C3)C4=CC=CC=C4,8,0.07706025,-0.051022366,5.503128
301,C1(C=CC=C2P(C3=CC=CC=C3)C4=CC=CC=C4)=C2OC5=C1C=CC=C5P(C6=CC=CC=C6)C7=CC=CC=C7,8,-0.030936217,0.036451586,5.6997757
302,CC1(C)C2=C(C(P(C3=CC=CC=C3)C4=CC=CC=C4)=CC=C2)OC5=C1C=CC=C5P(C6=CC=CC=C6)C7=CC=CC=C7,2,-0.4855758,2.4603555,7.081847
303,C1(CP(C2=CC=CC=C2)C3=CC=CC=C3)=C(CP(C4=CC=CC=C4)C5=CC=CC=C5)C=CC=C1,8,1.61818,-0.33243027,5.04403
304,P(C#CP(C1=CC=CC=C1)C2=CC=CC=C2)(C3=CC=CC=C3)C4=CC=CC=C4,8,0.074813455,-0.061947737,5.5183096
305,P(C1=CC=CC=C1)(C2=CC=CC=C2)CCOCCP(C3=CC=CC=C3)C4=CC=CC=C4,8,1.6148565,-0.33647874,5.039894
306,P(C1=CC=CC=C1)(C2=CC=CC=C2)CCCCCP(C3=CC=CC=C3)C4=CC=CC=C4,8,1.6140823,-0.33864367,5.0379148
307,COC1=[C@@](C2=C(OC)C=CC=C2P(C3=CC=CC=C3)C4=CC=CC=C4)C(P(C5=CC=CC=C5)C6=CC=CC=C6)=CC=C1,2,0.7499786,0.2963542,9.774014
308,ClC1=CC=C(P(C2=CC=CC=C2)C3=CC=CC=C3)[C@](C4=C(OC)C(Cl)=CC=C4P(C5=CC=CC=C5)C6=CC=CC=C6)=C1OC,2,0.7436547,0.27169082,9.799253
309,COC1=[C@@](C2=C(OC)C=CC=C2P(C3=CC(C(C)(C)C)=CC(C(C)(C)C)=C3)C4=CC(C(C)(C)C)=CC(C(C)(C)C)=C4)C(P(C5=CC(C(C)(C)C)=CC(C(C)(C)C)=C5)C6=CC(C(C)(C)C)=CC(C(C)(C)C)=C6)=CC=C1,2,0.7057483,0.54944104,9.511848
310,COC1=[C@@](C2=C(OC)C=CC=C2P(C3=CC(C(C)(C)C)=C(OC)C(C(C)(C)C)=C3)C4=CC(C(C)(C)C)=C(OC)C(C(C)(C)C)=C4)C(P(C5=CC(C(C)(C)C)=C(OC)C(C(C)(C)C)=C5)C6=CC(C(C)(C)C)=C(OC)C(C(C)(C)C)=C6)=CC=C1,2,0.7142633,0.5385523,9.52597
311,CC(C)P(C(C)C)C1=CC=CC(OC)=[C@@]1C2=C(OC)C=CC=C2P(C(C)C)C(C)C,2,0.733153,0.3416526,9.734656
312,COC1=[C@@](C2=C(OC)C=CC=C2P(C3=CC(OC)=C(OC)C(OC)=C3)C4=CC(OC)=C(OC)C(OC)=C4)C(P(C5=CC(OC)=C(OC)C(OC)=C5)C6=CC(OC)=C(OC)C(OC)=C6)=CC=C1,2,0.7164245,0.5162925,9.552146
313,CC(C=C1)=CC=C1P(C2=CC=C(C)C=C2)C3=CC=CC(OC)=[C@@]3C4=C(OC)C=CC=C4P(C5=CC=C(C)C=C5)C6=CC=C(C)C=C6,2,0.7030124,0.38708314,9.698175
314,COC1=[C@](C2=C(OC)C=CC=C2P(C3=CC=CO3)C4=CC=CO4)C(P(C5=CC=CO5)C6=CC=CO6)=CC=C1,2,0.75002575,0.3090971,9.767578
315,CC1=CC(P(C2=CC(C)=CC(C)=C2)C3=CC=CC(OC)=[C@@]3C4=C(OC)C=CC=C4P(C5=CC(C)=CC(C)=C5)C6=CC(C)=CC(C)=C6)=CC(C)=C1,2,0.74079704,0.3892173,9.689205
316,C12=CC=C(P(C3CCCCC3)C4CCCCC4)[C@@](C5=C(OCCO6)C6=CC=C5P(C7CCCCC7)C8CCCCC8)=C1OCCO2,2,0.2910666,-0.6187646,11.060449
317,FC(C(C=C1)=CC=C1P(C2=CC=C(C(F)(F)F)C=C2)C3=CC=C(OCO4)C4=[C@]3C5=C(OCO6)C6=CC=C5P(C7=CC=C(C(F)(F)F)C=C7)C8=CC=C(C(F)(F)F)C=C8)(F)F,3,5.479807,1.1263286,12.769279
318,CC(C1=CC(P(C2=CC(C(C)(C)C)=CC(C(C)(C)C)=C2)C3=CC=C(C=CC=C4)C4=[C@]3C5=C(C=CC=C6)C6=CC=C5P(C7=CC(C(C)(C)C)=CC(C(C)(C)C)=C7)C8=CC(C(C)(C)C)=CC(C(C)(C)C)=C8)=CC(C(C)(C)C)=C1)(C)C,2,0.6963938,0.5675734,9.489135
319,COC1=[C@](C2=C(OC)C=C(OC)C=C2P(C3=CC(OC)=CC(OC)=C3)C4=CC(OC)=CC(OC)=C4)C(P(C5=CC(OC)=CC(OC)=C5)C6=CC(OC)=CC(OC)=C6)=CC(OC)=C1,2,0.7298459,0.3892355,9.696793
320,FC1=CC(P(C2=CC(F)=C(F)C(F)=C2)C3=CC=CC(OC)=[C@@]3C4=C(OC)C=CC=C4P(C5=CC(F)=C(F)C(F)=C5)C6=CC(F)=C(F)C(F)=C6)=CC(F)=C1F,2,0.71329296,0.5431307,9.521293
321,C[C@H]1OC2=C(C3=C(O[C@H](C)C1)C=CC=C3P(C4=CC=CC=C4)C5=CC=CC=C5)C(P(C6=CC=CC=C6)C7=CC=CC=C7)=CC=C2,2,0.78691196,0.24945274,9.79753
322,COC1=[C@@](C2=C(OC)C(OC)=C(OC)C=C2P(C3=CC=CC=C3)C4=CC=CC=C4)C(P(C5=CC=CC=C5)C6=CC=CC=C6)=CC(OC)=C1OC,2,0.70936483,0.24428482,9.835371
323,CC1=CC(P(C2=CC(C)=C(OC)C(C)=C2)C3=CC=CC(OC)=[C@]3C4=C(OC)C=CC=C4P(C5=CC(C)=C(OC)C(C)=C5)C6=CC(C)=C(OC)C(C)=C6)=CC(C)=C1OC,2,0.77040553,0.4494185,9.623897
324,CC(C=C1)=CC=C1P(C2=CC=C(C)C=C2)C3=CC(OC)=NC(OC)=[C@]3C4=C(OC)N=C(OC)C=C4P(C5=CC=C(C)C=C5)C6=CC=C(C)C=C6,2,0.6269383,0.2837468,9.863348
325,COC1=[C@](C2=C(OC)N=C(OC)C=C2P(C3CCCCC3)C4CCCCC4)C(P(C5CCCCC5)C6CCCCC6)=CC(OC)=N1,2,0.3197921,-0.65089405,11.053972
326,C[C@H](C1=C(C(C=C1)[Fe]C2C=CC=C2)P(C3CCCCC3)C4CCCCC4)P(C(C)(C)C)C(C)(C)C,6,-1.7914016,-5.531729,17.33346
327,C[C@H](C1=C(P(C2=CC(C(F)(F)F)=CC(C(F)(F)F)=C2)C3=CC(C(F)(F)F)=CC(C(F)(F)F)=C3)C(C=C1)[Fe]C4C=CC=C4)P(C5CCCCC5)C6CCCCC6,6,-1.7761472,-5.5142517,17.352919
328,C[C@H](C1=C(C(C=C1)[Fe]C2C=CC=C2)P(C(C)(C)C)C(C)(C)C)P(C3=CC=CC=C3)C4=CC=CC=C4,6,-1.8643322,-5.7894506,17.105022
329,C[C@@H](C1=C(C=CC1[Fe]C2C=CC=C2)P(C3=CC=C4C=CC=CC4=C3)C5=C6C=CC=CC6=CC=C5)P(C(C)(C)C)C(C)(C)C,6,-1.7013662,-5.6230097,17.257704
330,C[C@H](C1=C(C(C=C1)[Fe]C2C=CC=C2)P(C3=CC(C)=C(C(C)=C3)OC)C4=CC(C)=C(C(C)=C4)OC)P(C(C)(C)C)C(C)(C)C,6,-1.7090367,-5.667192,17.210402
331,C[C@H](C1=C(C(C=C1)[Fe]C2C=CC=C2)P(C3CCCCC3)C4CCCCC4)P(C5CCCCC5)C6CCCCC6,6,-1.7970204,-5.5275087,17.335266
332,C[C@@H](C1=C(C=CC1[Fe]C2C=CC=C2)P(C3=CC=CC(OC)=C3)C4=CC=CC=C4OC)P(C(C)(C)C)C(C)(C)C,6,-1.7182168,-5.6219845,17.258108
333,C[C@@H](C1=C(C(C=C1)[Fe]C2C=CC=C2)[P@]([H])(C(C)(C)C)=O)P(C3=CC=CC=C3)C4=CC=CC=C4,6,-1.9166873,-5.801606,17.081028
334,CN(C)[C@H](C1=C(C(C=C1)[Fe]C2C=CC=C2)P(C3=CC=CC=C3)C4=CC=CC=C4)C5=CC=CC=C5P(C6=CC=CC=C6)C7=CC=CC=C7,6,-2.3296847,-5.5203824,17.220833
335,C[C@H](C1=C(C(C=C1)[Fe]C2C=CC=C2)P(C3=CC=CC=C3)C4=CC=CC=C4)P(C5=CC(C)=CC(C)=C5)C6=CC(C)=CC(C)=C6,6,-1.9138016,-5.69678,17.164354
336,C[C@@H](P(C1=CC(C)=CC(C)=C1)C2=CC(C)=CC(C)=C2)C3=C(P(C4=CC=CO4)C5=CC=CO5)C([Fe]C6C=CC=C6)C=C3,6,-1.8804182,-5.6932955,17.17417
337,C[C@@H](P(C(C)(C)C)C(C)(C)C)C1=C(P(C2=CC=CC3=C2C=CC=C3)C4=C(C=CC=C5)C5=CC=C4)C([Fe]C6C=CC=C6)C=C1,6,-1.7283268,-5.6575923,17.225342
338,C[C@@H](P(C1=C(C)C=CC=C1)C2=C(C)C=CC=C2)C3=C(P(C(C)(C)C)C(C)(C)C)C([Fe]C4C=CC=C4)C=C3,6,-1.840261,-5.7742715,17.118162
339,C[C@H](P(C1=CC=C(C(F)(F)F)C=C1)C2=CC=C(C(F)(F)F)C=C2)C3=C(P(C4=CC=C(C(F)(F)F)C=C4)C5=CC=C(C(F)(F)F)C=C5)C=CC3[Fe]C6C=CC=C6,6,-1.8043147,-5.5305862,17.319757
340,C[C@@H](P(C1=CC(C(F)(F)F)=CC(C(F)(F)F)=C1)C2=CC(C(F)(F)F)=CC(C(F)(F)F)=C2)C3=C(P(C4=CC(C)=CC(C)=C4)C5=CC(C)=CC(C)=C5)C([Fe]C6C=CC=C6)C=C3,6,-1.8681856,-5.5973973,17.257484
341,CC(C)(C)[P@](C)C1=CC=CC=C1[P@@](C)C(C)(C)C,8,-3.1297908,-2.1318905,5.1853533
342,CC(C=C1)=CC=C1P(C2=CC=C(C)C=C2)C3=CC=CC4=C3[C@@]5(CCC6=C5C(P(C7=CC=C(C)C=C7)C8=CC=C(C)C=C8)=CC=C6)CC4,2,-0.7248026,1.1545134,7.31808
343,CC(C)[C@H]1CN(C2=CC=CC(C(C)(C)C)=C2)C(C3=N[C@@H](C(C)C)CN3C4=CC(C(C)(C)C)=CC=C4)=N1,4,10.248385,0.05503562,-0.14340897
344,CC(C)[C@H]1CN(C2=CC=C(C)C=C2)C(C3=N[C@@H](C(C)C)CN3C4=CC=C(C)C=C4)=N1,4,10.213782,-0.10837991,-0.07914045
345,CC(C)[C@H]1CN(C2=CC=CC(C)=C2)C(C3=N[C@@H](C(C)C)CN3C4=CC(C)=CC=C4)=N1,4,10.194164,-0.086408935,-0.08193767
346,CC(C)[C@H]1CN(C2=CC=CC(C(F)(F)F)=C2)C(C3=N[C@@H](C(C)C)CN3C4=CC(C(F)(F)F)=CC=C4)=N1,4,10.286733,0.07895681,-0.18953104
347,CC(C)[C@H]1CN(C2=CC=C(OC)C=C2)C(C3=N[C@@H](C(C)C)CN3C4=CC=C(OC)C=C4)=N1,4,10.164948,-0.12488827,-0.053697575
348,CC(C)[C@H]1CN(C2=CC=C(C(F)(F)F)C=C2)C(C3=N[C@@H](C(C)C)CN3C4=CC=C(C(F)(F)F)C=C4)=N1,4,10.284469,0.044523116,-0.17388487
349,CC(C)[C@H]1CN(C2=CC(C(C)(C)C)=CC(C(C)(C)C)=C2)C(C3=N[C@@H](C(C)C)CN3C4=CC(C(C)(C)C)=CC(C(C)(C)C)=C4)=N1,4,10.221237,0.11179291,-0.1547115
350,CC(C)[C@H]1CN(C2=CC=CC(OC)=C2)C(C3=N[C@@H](C(C)C)CN3C4=CC(OC)=CC=C4)=N1,4,10.18852,-0.13960515,-0.05588829
351,CC(C)[C@H]1CN(C2=CC(C(F)(F)F)=CC(C(F)(F)F)=C2)C(C3=N[C@@H](C(C)C)CN3C4=CC(C(F)(F)F)=CC(C(F)(F)F)=C4)=N1,4,10.286443,0.03557322,-0.20497893
352,CC(C1=CC(N2C(C3=N[C@@H](C4CCCCC4)CN3C5=CC(C(C)(C)C)=CC=C5)=N[C@@H](C6CCCCC6)C2)=CC=C1)(C)C,4,10.094775,0.29769644,-0.34584478
353,CC(C=C1)=CC=C1N2C(C3=N[C@@H](C4CCCCC4)CN3C5=CC=C(C)C=C5)=N[C@@H](C6CCCCC6)C2,4,10.09219,0.2958536,-0.34530053
354,CC(C1=CC(N2C(C3=N[C@@H](C4CCCCC4)CN3C5=CC(C(C)(C)C)=CC(C(C)(C)C)=C5)=N[C@@H](C6CCCCC6)C2)=CC(C(C)(C)C)=C1)(C)C,4,10.09204,0.2979218,-0.34733483
355,FC(C1=CC(N2C(C3=N[C@@H](C4CCCCC4)CN3C5=CC(C(F)(F)F)=CC=C5)=N[C@@H](C6CCCCC6)C2)=CC=C1)(F)F,4,10.098222,0.30358073,-0.34751034
356,CC([C@H]1CN(C2=CC=CC(C(C)(C)C)=C2)C(C3=N[C@@H](C(C)(C)C)CN3C4=CC(C(C)(C)C)=CC=C4)=N1)(C)C,4,10.350738,0.2638174,-0.13248377
357,CC([C@H]1CN(C2=CC=C(C(C)(C)C)C=C2)C(C3=N[C@@H](C(C)(C)C)CN3C4=CC=C(C(C)(C)C)C=C4)=N1)(C)C,4,10.385517,0.30332753,-0.0932364
358,CC([C@H]1CN(C2=CC=CC(C(F)(F)F)=C2)C(C3=N[C@@H](C(C)(C)C)CN3C4=CC(C(F)(F)F)=CC=C4)=N1)(C)C,4,10.335909,0.26604593,-0.1808945
359,C[C@@H](CC)[C@H]1CN(C2=CC=CC=C2)C(C3=N[C@@H]([C@@H](C)CC)CN3C4=CC=CC=C4)=N1,4,10.293582,-0.15638193,-0.067586474
360,C[C@@H](CC)[C@H]1CN(C2=CC=C(F)N=C2)C(C3=N[C@@H]([C@@H](C)CC)CN3C4=CN=C(F)C=C4)=N1,4,10.339892,-0.19107461,-0.09161883
361,C[C@@H](CC)[C@H]1CN(C2=CC(C(C)(C)C)=CC(C(C)(C)C)=C2)C(C3=N[C@@H]([C@@H](C)CC)CN3C4=CC(C(C)(C)C)=CC(C(C)(C)C)=C4)=N1,4,10.276719,0.03996558,-0.123211354
362,C[C@@H](CC)[C@H]1CN(C2=CC=C(C)C=C2)C(C3=N[C@@H]([C@@H](C)CC)CN3C4=CC=C(C)C=C4)=N1,4,10.326547,-0.18200687,-0.08900758
363,C[C@@H](CC)[C@H]1CN(C2=CC=CC(C(C)(C)C)=C2)C(C3=N[C@@H]([C@@H](C)CC)CN3C4=CC(C(C)(C)C)=CC=C4)=N1,4,10.307675,-0.05581606,-0.11014798
364,C[C@@H](CC)[C@H]1CN(C2=CC=CC(C(F)(F)F)=C2)C(C3=N[C@@H]([C@@H](C)CC)CN3C4=CC(C(F)(F)F)=CC=C4)=N1,4,10.328742,-0.035551485,-0.14651783
365,C[C@@H](CC)[C@H]1CN(C2=CC=CC(OC)=C2)C(C3=N[C@@H]([C@@H](C)CC)CN3C4=CC(OC)=CC=C4)=N1,4,10.271974,-0.12847346,-0.07613296
366,CC(C)[C@H]1CN(C2CCCCC2)C(C3=N[C@@H](C(C)C)CN3C4CCCCC4)=N1,4,10.16922,0.100753404,-0.12533134
367,CC([C@H]1CN(C2=CC(C(C)(C)C)=CC(C(C)(C)C)=C2)C(C3=N[C@@H](C(C)(C)C)CN3C4=CC(C(C)(C)C)=CC(C(C)(C)C)=C4)=N1)(C)C,4,10.360586,0.2535606,-0.10458002
368,CC1=CC=CC(C2=NC(C)=CC=C2)=N1,1,-4.467293,0.61674935,4.6813316
369,CC(C)(C)C1=CC(C2=NC=CC(C(C)(C)C)=C2)=NC=C1,1,-4.1830316,0.37041622,5.2103624
370,C1(C2=NC=CC=C2)=NC=CC=C1,1,-4.970024,0.45913875,4.428756
371,OC(C1=CC(C2=NC=CC(C(O)=O)=C2)=NC=C1)=O,1,-4.87915,0.61948323,4.127371
372,CC1=CC(C2=NC=CC(C)=C2)=NC=C1,1,-4.2925963,0.39066517,5.109893
373,NC1=CC(C2=NC=CC(N)=C2)=NC=C1,1,-4.320866,0.34784544,5.0713034
374,O=CC1=CN=C(C2=NC=C(C=O)C=C2)C=C1,1,-4.890046,0.8652216,3.4103644
375,O=C1C2=C(N=CC=C2)C3=C1C=CC=N3,1,-5.3441353,1.4296395,3.942252
376,O=C(C1=CC=CC(C2=NC(C(O)=O)=CC=C2)=N1)O,1,-4.575433,0.48250207,4.5653853
377,BrC1=CC=CC(C2=NC=CC=C2)=N1,1,-4.892342,0.42149776,4.5210133
378,C1(C=CC=C2)=C2N=C(C3=NC(C=CC=C4)=C4C=C3)C=C1,1,-4.5344934,1.009134,4.571886
379,BrC1=CC=CC(C2=NC(Br)=CC=C2)=N1,1,-4.528545,0.48410928,4.715932
380,BrC1=CC(C2=NC=CC(Br)=C2)=NC=C1,1,-4.324144,0.3733836,5.079079
381,O=C(C1=CC(C2=NC(C=CC=C3)=C3C(C(O[K])=O)=C2)=NC4=C1C=CC=C4)O[K],1,-4.854564,0.74550235,3.9299288
382,O=C(O)C1=CC(C2=NC=CC=C2)=NC=C1,1,-4.907126,0.57758856,4.230299
383,O=C(C1=CN=C(C2=NC=C(C(O)=O)C=C2)C=C1)O,1,-4.8323803,0.8345922,3.5620174
384,FC(C1=CN=C(C2=NC=C(C(F)(F)F)C=C2)C=C1)(F)F,1,-4.901685,0.8900243,3.4050717
385,CC1=CN=C(C2=NC=C(C)C=C2)C=C1,1,-4.8915377,0.87399787,3.4112062
386,COC1=CC(C2=NC=CC(OC)=C2)=NC=C1,1,-4.2728467,0.33213794,5.120386
387,ClC1=CC=CC(C2=NC=CC=C2)=N1,1,-4.9112673,0.39984143,4.5238113
388,BrC1=CN=C(C2=NC=C(Br)C=C2)C=C1,1,-4.951634,0.9570663,3.4058604
389,C1(C2=NC=CC=N2)=NC=CC=N1,8,-3.3868122,-2.111417,5.196244
390,O=CC1=CC=CC(C2=NC(C=O)=CC=C2)=N1,1,-4.531637,0.49874362,4.6535554
391,OCC1=CN=C(C2=NC=C(CO)C=C2)C=C1,1,-4.894671,0.87342274,3.392807
392,O=CC1=CC(C2=NC=CC=C2)=NC=C1,1,-4.9346704,0.49819925,4.3525505
393,O=[N+](C1=CC(C2=NC=CC([N+]([O-])=O)=C2)=NC=C1)[O-],1,-4.8598547,0.5173312,4.2953315
394,CC1=CC(C2=NC=CC(CO)=C2)=NC=C1,1,-4.28936,0.4073643,5.1152344
395,O=C(C1=CC(C2=NC=CC(C(OC)=O)=C2)=NC=C1)OC,1,-4.887471,0.73601377,3.9009306
396,CC1=CC(C2=NC(C)=CC(C)=C2)=NC(C)=C1,1,-4.321148,0.48810583,5.023193
397,N#CC1=CC=CC(C2=NC(C#N)=CC=C2)=N1,1,-4.526537,0.42274657,4.8102846
398,OC(C=C1)=CN=C1C2=NC=C(O)C=C2,1,-4.9075613,0.882229,3.3707156
399,CC1=CC(C(OC)=O)=CC(C2=NC(C)=CC(C(OC)=O)=C2)=N1,1,-4.8304124,0.6918273,3.9495833
400,O=C(C1=CN=C(C2=NC=C(C(OC)=O)C=C2)C=C1)OC,1,-4.873157,0.7699814,3.6853049
401,C1(C2=NC=CC(C3=CC=CC=C3)=C2)=NC=CC(C4=CC=CC=C4)=C1,1,-4.7112746,1.3047385,4.3943067
402,N#CC1=CC(C2=NC=CC(C#N)=C2)=NC=C1,1,-4.376272,0.35341045,5.029474
403,O=C(C1=CC(C2=NC=CC(C(OCC)=O)=C2)=NC=C1)OCC,1,-4.873601,0.70838106,3.957825
404,NC1=CC=CC(C2=NC(N)=CC=C2)=N1,1,-4.5011053,0.4623416,4.7719703
405,OCC1=CC=CC(C2=NC(CO)=CC=C2)=N1,1,-4.5602093,0.48859173,4.6554255
406,O[C@@H](C(C)(C)C)C1=CC=CC(C2=NC([C@H](C(C)(C)C)O)=CC=C2)=N1,1,-4.5625105,0.46802163,4.669537
407,OC1=CC=CN=C1C2=NC=CC=C2O,1,-5.362514,1.4232541,3.9711108
408,CC1=CN=C(C2=NC=C(C)C(C)=C2C=C3)C3=C1C,1,-5.0177402,1.7071927,4.2186084
409,COC1=C2C(C3=NC=CC(OC)=C3C=C2)=NC=C1,1,-4.9909444,1.7012537,4.2617598
410,ClC1=CC=C2C(C3=NC(Cl)=CC=C3C=C2)=N1,1,-4.581228,0.99157816,4.5766397
411,C12=NC=CC(C3=CC=CC=C3)=C1C=CC4=C(C5=CC=CC=C5)C=CN=C24,1,-4.777978,1.4929024,4.3514967
412,NC1=CC2=CC=CN=C2C3=NC=CC=C31,1,-5.125293,1.8372618,4.189012
413,BrC1=CC=C2C(C3=NC=CC=C3C=C2)=N1,1,-4.73197,0.98020613,4.5072627
414,O=CC1=CC2=CC=CN=C2C3=NC=CC=C31,1,-5.132498,1.8423378,4.2000175
415,CC1=CC=C2C(C3=NC(C)=CC=C3C=C2)=N1,1,-4.4906754,1.0354931,4.6386566
416,CC1=C(C)C2=CC=CN=C2C3=NC=CC=C31,1,-5.1062455,1.8155286,4.2001905
417,BrC1=CN=C(C2=NC=C(Br)C=C2C=C3)C3=C1,1,-5.0924053,1.2791723,3.6432014
418,CC1=C2C(C3=NC=CC(C)=C3C=C2)=NC=C1,1,-4.9812636,1.6893861,4.2687283
419,O=C(C1=CC=C2C(C3=NC(C(O)=O)=CC=C3C=C2)=N1)O,1,-4.5493193,0.75945634,4.123697
420,CC1=CC(C(O)=O)=C2C(C3=NC(C)=CC(C(O)=O)=C3C=C2)=N1,1,-4.643503,0.7879281,4.000425
421,CCCCC1=CC=C2C(C3=NC(CCCC)=CC=C3C=C2)=N1,1,-4.425394,1.1589069,4.608223
422,O=C(C1=CC=CN=C1C2=NC=CC=C23)C3=O,1,-5.3380747,1.4282928,3.9337204
423,O=C(C1=CC(Br)=CN=C1C2=NC=C(Br)C=C23)C3=O,1,-5.122717,1.312972,3.6575506
424,NC1=C(N)C2=CC=CN=C2C3=NC=CC=C31,1,-5.123507,1.8259838,4.187085
425,C12=NC=CC=C1C3=C(N=C(C=CC=C4)C4=N3)C5=CC=CN=C25,1,-5.124973,1.8366747,4.1853023
426,C1(C2=CC=CC=C2)=CC=C3C(C4=NC(C5=CC=CC=C5)=CC=C4C=C3)=N1,1,-4.55746,1.2103158,4.500366
427,COC(C=C1)=CC=C1C2=C3C(C4=NC=CC(C5=CC=C(OC)C=C5)=C4C=C3)=NC=C2,1,-4.823281,1.5791186,4.3133874
428,C1(C2=C(C=CC=C3)C3=CC4=C2C=CC=C4)=CC=C5C(C6=NC(C7=C(C=CC=C8)C8=CC9=C7C=CC=C9)=CC=C6C=C5)=N1,1,-4.3737864,1.2274625,4.580779
429,CCC(C=C(CC)C=C1CC)=C1C2=CC=C3C(C4=NC(C5=C(CC)C=C(CC)C=C5CC)=CC=C4C=C3)=N2,1,-4.381703,1.2210547,4.5907845
430,BrC(C=C1)=CC=C1C2=C3C(C4=NC=CC(C5=CC=C(Br)C=C5)=C4C=C3)=NC=C2,1,-4.819072,1.5585304,4.3084235
431,BrC1=CN=C(C2=NC=C(Br)C=C2C(Br)=C3Br)C3=C1,1,-5.117607,1.323301,3.6660209
432,CNCCNC,8,-3.388322,-2.2966106,5.22356
433,CCN1CCCC1CN,8,-3.1921606,-2.4865391,5.473923
434,CC(C)(C)NCCNC(C)(C)C,8,-3.3520596,-2.2681265,5.1820216
435,NC([C@H]1NCCC1)=O,8,-3.0718071,-2.6216471,5.596888
436,CC(/C(C)=N/C1=C(C(C)C)C=CC=C1C(C)C)=N\C2=C(C(C)C)C=CC=C2C(C)C,1,-4.3812203,0.6859401,4.5612354
437,CC(/C=C(C)\NC1=C(C)C=CC=C1C)=N\C2=C(C)C=CC=C2C,1,-4.3124886,0.79158115,4.433703
438,CN(C)CCCCN(C)C,8,-3.3572161,-2.3492107,5.282054
439,NCC1=CC=CC(CN)=N1,8,-3.4033763,-2.0925756,5.21149
440,N(CC1=NC=CC=C1)(CC2=CC=CC=N2)CCN(CC3=NC=CC=C3)CC4=NC=CC=C4,8,1.7197833,-0.24704279,5.1432996
441,N12CCN(CC2)CC1,8,-3.2451267,-2.4338782,5.4281006
442,NC1=[C@](C2=C(C=CC=C3)C3=CC=C2N)C4=CC=CC=C4C=C1,1,-2.0749986,1.2473843,4.32414
443,NC1=C(C2=C(CCCC3)C3=CC=C2N)C4CCCCC4C=C1,2,-1.609211,1.398729,7.668907
444,CNC1=[C@](C2=C(C=CC=C3)C3=CC=C2NC)C4=CC=CC=C4C=C1,1,-2.0921297,1.2453681,4.3237576
445,O=C(C1=C(C2=C(C=CC=C3)C3=CC=C2C(O)=O)C4=C(C=CC=C4)C=C1)O,1,-2.1055887,1.301177,4.374844
446,C12=CC=CC=C1C=CC(NP(C3=CC=CC=C3)C4=CC=CC=C4)=C2C5=C(C=CC=C6)C6=CC=C5NP(C7=CC=CC=C7)C8=CC=CC=C8,8,-0.30149648,-0.001126733,5.334891
447,NC1=C(C2=C(C=CC=C3)C3=CC=C2O)C4=CC=CC=C4C=C1,1,-2.0838046,1.2650615,4.3333435
448,NC1=[C@](C2=C(C=CC(Br)=C3)C3=CC=C2N)C4=CC=C(Br)C=C4C=C1,1,-2.1215315,1.2901305,4.3182774
449,C12=CC=CC=C1C=CC(NCC3=CC=CC=C3)=C2C4=C(C=CC=C5)C5=CC=C4NCC6=CC=CC=C6,8,-0.42572385,0.03595444,5.2227526
450,NC1=CC=CC2=C1[C@]3(CCC4=C3C(N)=CC=C4)CC2,2,-0.98227644,1.4296844,7.401447
451,NC1=CC=CC(C2=CC(N)=CC=C2)=C1,1,-4.361326,0.29362983,4.975667
452,CN[C@H]1[C@H](NC)CCCC1,8,-3.0360403,-2.5632877,5.65992
453,N[C@H]1[C@H](N)CCCC1,8,-3.0387194,-2.5901442,5.616354
454,CN(C)[C@H]1[C@H](N(C)C)CCCC1,8,-3.0976567,-2.527785,5.557274
455,N[C@H]1CCCC[C@@H]1NC(OC(C)(C)C)=O,8,-3.0901124,-2.514491,5.7626867
456,CC1=CC=C(S(N[C@@H]2[C@@H](NS(C3=CC=C(C)C=C3)(=O)=O)CCCC2)(=O)=O)C=C1,8,-0.5077491,-1.3167008,4.6764245
457,N[C@@H]1[C@H](N)CCCC1,8,-3.0435197,-2.5684783,5.6142697
458,N[C@H]1[C@H](N(C)C)CCCC1,8,-3.097273,-2.5116723,5.5560093
459,CN(C)C1=CC=CC(N(C)C)=C1,8,-3.2922313,-2.1284409,5.219638
460,N[C@@H]1[C@@H](N2CCCCC2)CCCC1,8,-3.0327027,-2.6083317,5.6347113
461,O=C(C)N[C@H]1[C@H](NC(C)=O)CCCC1,8,-2.9880917,-2.5382366,5.722096
462,N[C@@H]1[C@@H](N2CCCC2)CCCC1,8,-3.051044,-2.587535,5.643215
463,N[C@@H]([C@H](N)C1=CC=CC=C1)C2=CC=CC=C2,8,-0.91382545,-0.95066005,4.9644156
464,N[C@@H]([C@@H](O)C1=CC=CC=C1)C2=CC=CC=C2,8,-0.96416235,-0.9110028,5.0159836
465,N[C@H]([C@H](N)C1=CC=C(Cl)C=C1)C2=CC=C(Cl)C=C2,8,-0.89773655,-1.0349687,4.8896275
466,N[C@@H]([C@H](NS(=O)(C1=CC=C(C)C=C1)=O)C2=CC=CC=C2)C3=CC=CC=C3,8,-0.51763505,-1.3210329,4.686885
467,CN[C@@H]([C@H](NC)C1=CC=CC=C1)C2=CC=CC=C2,8,-0.9287276,-0.9826506,4.946461
468,CN(C)[C@@H](C1=CC=CC=C1)[C@H](C2=CC=CC=C2)N(C)C,8,-0.95408106,-0.9821533,4.9612713
469,N[C@H]([C@@H](N)C1=CC=C(OC)C=C1)C2=CC=C(OC)C=C2,8,-0.8238287,-1.1136593,4.802097
470,N[C@H]([C@@H](N)C1=C(OC)C=CC=C1)C2=CC=CC=C2OC,8,-0.86327076,-1.0537918,4.862544
471,N[C@H]([C@@H](N)C1=CC(C=CC=C2)=C2C=C1)C3=CC(C=CC=C4)=C4C=C3,8,-0.94269836,-0.95177865,4.966641
472,N[C@@H]([C@H](NS(=O)(C1=CC(C(F)(F)F)=CC(C(F)(F)F)=C1)=O)C2=CC=CC=C2)C3=CC=CC=C3,8,-0.53445566,-1.3246969,4.70173
473,N[C@H](C1=CC=CC=C1)[C@H](NCC2=CC=CC=C2)C3=CC=CC=C3,8,-0.7107382,-0.7357529,5.0075517
474,C1([C@@H](NCC2=CC=CC=C2)[C@H](NCC3=CC=CC=C3)C4=CC=CC=C4)=CC=CC=C1,8,-0.67066747,-0.6345203,5.044721
475,O=S(N[C@@H]([C@H](NS(=O)(C(F)(F)F)=O)C1=CC=CC=C1)C2=CC=CC=C2)(C(F)(F)F)=O,8,-0.517583,-1.3222783,4.692551
476,N[C@H](C1=CC=CC=C1)[C@H](NS(C2=CC=CC=C2)(=O)=O)C3=CC=CC=C3,8,-0.51227814,-1.2951871,4.693507
477,N[C@H]([C@@H](N)C1=C(O)C=CC=C1)C2=CC=CC=C2O,8,-0.93927836,-0.8693388,5.045358
478,CN[C@H]([C@@H](NC)C1=CC=C(C(F)(F)F)C=C1)C2=CC=C(C(F)(F)F)C=C2,8,-0.8765508,-1.1392514,4.8224516
479,N[C@@H](C1=CC=CC=C1)[C@@H](N2CCCC2)C3=CC=CC=C3,8,-0.87850803,-0.8610828,5.043444
480,N[C@@H]([C@H](N)C1=C(C=CC=C2)C2=CC=C1)C3=C(C=CC=C4)C4=CC=C3,8,-0.9619512,-0.932638,4.977034
481,ClC1=C([C@@H](NC)[C@H](NC)C2=C(Cl)C=CC=C2)C=CC=C1,8,-0.92282194,-0.9851261,4.9416556
482,CN[C@H]([C@@H](NC)C1=CC(C(F)(F)F)=CC=C1)C2=CC(C(F)(F)F)=CC=C2,8,-0.911833,-1.1568804,4.8190584
483,N[C@@H](C1=CC=C(OC)C=C1)[C@@H](NS(C2=CC=C(C)C=C2)(=O)=O)C3=CC=C(OC)C=C3,8,-0.5283341,-1.3095278,4.6865673
484,NC(C1=CC=C(OC)C=C1)([C@H](N)C(C)C)C2=CC=C(OC)C=C2,8,-0.81395787,-1.1305199,4.7884355
485,C1(NC2=CC=CC=C2)=CC=CC=C1NC3=CC=CC=C3,8,-0.37579438,0.09893328,5.222486
486,C1(NC2=CC=CC=C2C3=CC=CC=C3)=CC=CC=C1NC4=C(C5=CC=CC=C5)C=CC=C4,8,-0.4179819,0.1335085,5.2061357
487,C1(NC2=C(C=CC=C3)C3=CC=C2C4=CC=CC=C4)=CC=CC=C1NC5=C(C6=CC=CC=C6)C=CC=C5,8,-0.43045542,0.14228916,5.2089458
488,C1(NC2=C(C=CC=C3)C3=CC=C2C4=CC=CC=C4)=CC=CC=C1NC5=C(C6=CC=CC=C6)C=CC7=C5C=CC=C7,8,-0.4560902,0.11764998,5.20728
489,CC(C1=CC(C(C)(C)C)=CC(C(C=CC2=C3C=CC=C2)=C3NC4=CC=CC=C4NC5=CC=CC=C5C6=CC(C(C)(C)C)=CC(C(C)(C)C)=C6)=C1)(C)C,1,-1.5011464,1.4021969,5.550341
490,CC(C=CC=C1C2=CC(C(F)(F)F)=CC(C(F)(F)F)=C2)=C1NC3=CC=CC=C3NC4=C(C5=CC(C(F)(F)F)=CC(C(F)(F)F)=C5)C=CC6=C4C=CC=C6,1,-1.5356224,1.4191198,5.5633254
491,OC1=CC(C(C)(C)C)=CC(C(C)(C)C)=C1CN[C@@H]([C@H](NCC2=C(O)C=C(C(C)(C)C)C=C2C(C)(C)C)C3=CC=CC=C3)C4=CC=CC=C4,1,-1.6226437,1.520691,5.430515
492,OC1=CC(C(C)(C)C)=CC(C(C)(C)C)=C1/C=N/[C@@H]([C@H](/N=C/C2=C(O)C=C(C(C)(C)C)C=C2C(C)(C)C)C3=CC=CC=C3)C4=CC=CC=C4,1,-1.6835495,1.5447785,5.388135
493,ON(C(C(C1=CC=CC=C1)C2=CC=CC=C2)=O)[C@@H]3[C@@H](N(O)C(C(C4=CC=CC=C4)C5=CC=CC=C5)=O)CCCC3,2,0.3012378,-0.6653605,11.094764
494,C1([C@@H](NCC2=C(C=CC=C3)C3=CC=C2)[C@H](NCC4=C(C=CC=C5)C5=CC=C4)C6=CC=CC=C6)=CC=CC=C1,8,-0.6835392,-0.62314785,5.0582604
495,C[C@H]1OC2=CC=CN=C2C3=C(O[C@H](C)CC1)C=CC=N3,1,-5.3286405,1.3838043,3.9084241
496,C[C@H]1OC2=CC=CN=C2C3=C(O[C@H](C)C1)C=CC=N3,1,-5.304571,1.3534381,3.9087446
497,OC1=CC=CC=C1/C=N/CC/N=C/C2=C(O)C=CC=C2,1,-3.799061,0.71209794,4.2414
498,OC1=CC=CC=C1CNCCNCC2=C(O)C=CC=C2,8,-0.9295898,-0.8385276,5.0533843
499,OC1=CC=C(O)C=C1/C=N/CC/N=C/C2=C(O)C=CC(O)=C2,1,-3.7919328,0.7146438,4.2397494
500,OC1=C(C(C)(C)C)C=C(C(C)(C)C)C=C1/C=N/C(C)(C)C(C)(C)/N=C/C2=C(O)C(C(C)(C)C)=CC(C(C)(C)C)=C2,1,-2.0469787,1.6575367,5.07682
501,OC1=[C@](C2=C(C=CC=C3)C3=CC=C2O)C4=C(C=CC=C4)C=C1,1,-2.1077478,1.2880825,4.345598
502,O[C@H]([C@@H](O)C1=CC=CC=C1)C2=CC=CC=C2,8,-0.96543425,-0.9259712,4.9954495
503,COCOC1=[C@](C2=C(C=CC=C3)C3=CC=C2OCOC)C4=C(C=CC=C4)C=C1,1,-2.2032611,1.5515367,4.6131124
504,O=S(OC1=C(C2=C(C=CC=C3)C3=CC=C2OS(=O)(C(F)(F)F)=O)C4=C(C=CC=C4)C=C1)(C(F)(F)F)=O,1,-2.3251994,1.5698426,4.890752
505,OC1=[C@](C2=C(C=CC=C3)C3=C[C@@]([C@@]4=C(C(C)C)C=C(C(C)C)C=C4C(C)C)=C2O)C5=C(C=CC=C5)C=C1C6=C(C(C)C)C=C(C(C)C)C=C6C(C)C,1,-2.5276616,1.9496658,4.7354345
506,COC1=C(C2=C(C=CC=C3)C3=CC(Br)=C2OC)C4=C(C=CC=C4)C=C1Br,1,-2.303541,1.6456398,4.612402
507,OC1=C(C2=C(C=CC=C3)C3=CC(Br)=C2O)C4=C(C=CC=C4)C=C1Br,1,-2.32897,1.5956482,4.5993423
508,OC1=C(C2=C(C=CC=C3)C3=CC(C=O)=C2O)C4=C(C=CC=C4)C=C1C=O,1,-2.3941345,1.5702375,4.60929
509,OC1=C(C2=C(C=CC(Br)=C3)C3=CC=C2O)C4=C(C=C(Br)C=C4)C=C1,1,-2.139008,1.3058081,4.3451366
510,OC1=C(C2=C(C=CC=C3)C3=CC(C4=C(C=CC=C5)C5=CC6=C4C=CC=C6)=C2O)C7=C(C=CC=C7)C=[C@]1[C@]8=C(C=CC=C9)C9=CC%10=C8C=CC=C%10,1,-2.5724578,1.6828643,4.735522
511,OC1=C(C=CC=C2)C2=CC(C3=CC=CC=C3)=C1C4=C(C5=CC=CC=C5)C=C(C=CC=C6)C6=C4O,1,-2.4498293,1.6278285,4.639221
512,OC1=C(C2=C(C=CC=C3)C3=CC(C4=CC=CC=C4)=C2O)C5=C(C=CC=C5)C=C1C6=CC=CC=C6,1,-2.461234,1.6162875,4.6452966
513,OC1=[C@](C2=C(C=CC=C3)C3=CC(C4=CC(C(F)(F)F)=CC(C(F)(F)F)=C4)=C2O)C5=C(C=CC=C5)C=C1C6=CC(C(F)(F)F)=CC(C(F)(F)F)=C6,1,-2.3843958,1.5921669,5.01138
514,OC1=[C@](C2=C(C=CC=C3)C3=CC(C4=C(C=CC=C5)C5=CC=C4)=C2O)C6=C(C=CC=C6)C=C1C7=CC=CC8=C7C=CC=C8,1,-2.5335886,1.6563176,4.712829
515,OC1=[C@](C2=C(C=CC=C3)C3=CC(C4=CC=C(C5=CC=CC=C5)C=C4)=C2O)C6=C(C=CC=C6)C=C1C7=CC=C(C8=CC=CC=C8)C=C7,1,-2.4843123,1.7204448,4.7047253
516,OC1=C(C2=C(C=CC=C3)C3=CC([Si](C4=CC=CC=C4)(C5=CC=CC=C5)C6=CC=CC=C6)=C2O)C7=C(C=CC=C7)C=C1[Si](C8=CC=CC=C8)(C9=CC=CC=C9)C%10=CC=CC=C%10,1,-2.5777986,1.664346,4.73144
517,OC1=[C@](C2=C(C=CC=C3)C3=C[C@@]([C@@]4=C(F)C(F)=C(F)C(F)=C4F)=C2O)C5=C(C=CC=C5)C=C1C6=C(F)C(F)=C(F)C(F)=C6F,1,-2.4567924,1.622585,4.9080405
518,OC1=C(C2=C(C=CC=C3)C3=CC(C4=CC(C)=CC(C)=C4)=C2O)C5=C(C=CC=C5)C=C1C6=CC(C)=CC(C)=C6,1,-2.5066125,1.9536749,4.7035956
519,OC1=C(C2=C(C=CC=C3)C3=CC(C4=CC=C(C(C)(C)C)C=C4)=C2O)C5=C(C=CC=C5)C=C1C6=CC=C(C(C)(C)C)C=C6,1,-2.3992648,2.0940008,4.703468
520,OC1=[C@](C2=C(C=CC=C3)C3=CC(C4=CC=C([N+]([O-])=O)C=C4)=C2O)C5=C(C=CC=C5)C=C1C6=CC=C([N+]([O-])=O)C=C6,1,-2.4428966,2.05201,4.6636715
521,OC1=C(C2=C(C=CC=C3)C3=CC(C4=CC=C(OC)C=C4)=C2O)C5=C(C=CC=C5)C=C1C6=CC=C(OC)C=C6,1,-2.4037826,2.0710943,4.6273913
522,OC1=[C@](C2=C(C=CC=C3)C3=CC(C)=C2O)C4=C(C=CC=C4)C=C1C,1,-2.3148081,1.6974852,4.6570992
523,OC1=C(C2=C(C=CC=C3)C3=CC(C4=CC=C(C)C=C4)=C2O)C5=C(C=CC=C5)C=C1C6=CC=C(C)C=C6,1,-2.472968,2.0240211,4.689704
524,OC1=C(C2=C(C=CC=C3)C3=CC(C4=C(C)C=C(C)C=C4C)=C2O)C5=C(C=CC=C5)C=[C@]1[C@]6=C(C)C=C(C)C=C6C,1,-2.4991636,1.9667369,4.708966
525,OC1=[C@](C2=C(CCCC3)C3=CC=C2O)C4=C(CCCC4)C=C1,2,-1.7261208,1.4293783,7.675858
526,OC1=C(C2=C(CCCC3)C3=CC(Br)=C2O)C4=C(CCCC4)C=C1Br,2,-1.7653819,1.4336263,7.6815734
527,OC1=C(C2=C(CCCC3)C3=CC(C4=CC=C(C5=CC=CC=C5)C=C4)=C2O)C6=C(CCCC6)C=C1C7=CC=C(C8=CC=CC=C8)C=C7,2,-1.8540848,1.475211,7.6687036
528,OC1=C(C2=C(CCCC3)C3=CC(C4=CC=C(OC)C=C4)=C2O)C5=C(CCCC5)C=C1C6=CC=C(OC)C=C6,2,-1.8946972,1.4746876,7.706436
529,OC1=C(C2=C(CCCC3)C3=CC(C4=CC=CC=C4)=C2O)C5=C(CCCC5)C=C1C6=CC=CC=C6,2,-1.8492554,1.4592457,7.6962276
530,OC1=C(C2=C(CCCC3)C3=CC(C4=CC=CC=C4)=C2O)C5=C(CCCC5)C=C1C6=CC=CC=C6,2,-1.8232732,1.4457219,7.675651
531,OC1=C(C2=C(CCCC3)C3=CC(C4=C(C=CC=C5)C5=CC=C4)=C2O)C6=C(CCCC6)C=C1C7=CC=CC8=C7C=CC=C8,2,-1.8744739,1.4642719,7.7153687
532,OC1=[C@](C2=C(CCCC3)C3=CC(C4=CC(C(F)(F)F)=CC(C(F)(F)F)=C4)=C2O)C5=C(CCCC5)C=C1C6=CC(C(F)(F)F)=CC(C(F)(F)F)=C6,2,-1.8944917,1.5586253,7.481523
533,OC1=[C@](C2=C(CCCC3)C3=CC(C4=CC(C)=CC(C)=C4)=C2O)C5=C(CCCC5)C=C1C6=CC(C)=CC(C)=C6,2,-1.907246,1.4742153,7.721501
534,OC1=[C@](C2=C(CCCC3)C3=CC(C4=CC=C(C(F)(F)F)C=C4)=C2O)C5=C(CCCC5)C=C1C6=CC=C(C(F)(F)F)C=C6,2,-1.9014431,1.5489342,7.5711417
535,OC1=[C@](C2=C(CCCC3)C3=C[C@@]([C@@]4=C(C=CC=C5)C5=CC6=C4C=CC=C6)=C2O)C7=C(CCCC7)C=C1C8=C(C=CC=C9)C9=CC%10=C8C=CC=C%10,2,-1.8696634,1.463187,7.713964
536,OC1=C(C2=C(CCCC3)C3=CC(C4=C(C)C=C(C)C=C4C)=C2O)C5=C(CCCC5)C=[C@]1[C@]6=C(C)C=C(C)C=C6C,2,-1.9439698,1.4826425,7.7651696
537,OC1=[C@](C2=C(CCCC3)C3=CC(C4=C(C=CC=C5)C5=C(C=CC=C6)C6=C4)=C2O)C7=C(CCCC7)C=C1C8=CC(C=CC=C9)=C9C%10=C8C=CC=C%10,2,-1.8788073,1.4613466,7.729176
538,OC1=CC=CC2=C1[C@]3(CCC4=C3C(O)=CC=C4)CC2,2,-0.9675772,1.4388055,7.3826838
539,OC1=CC=CC2=C1[C@]3(CC(C)(C)C4=C3C(O)=CC=C4)CC2(C)C,2,-0.9487799,1.4927315,7.3639474
540,OC1=C(C2=CC(C=CC=C3)=C3C=C2)C=CC4=C1[C@]5(CCC6=C5C(O)=C(C7=CC=C(C=CC=C8)C8=C7)C=C6)CC4,2,-0.80936456,1.2266912,7.29287
541,OC1=C(Br)C=CC2=C1[C@]3(CCC4=C3C(O)=C(Br)C=C4)CC2,2,-0.9618577,1.4224447,7.3818455
542,CC1(C)O[C@@H](C(OC)=O)[C@H](C(OC)=O)O1,8,-3.4208667,-2.3096545,5.196127
543,CC1(C)O[C@@H](C(OCC)=O)[C@H](C(OCC)=O)O1,8,-3.4373198,-2.4023368,5.2595515
544,CC1(C)O[C@@H](C(C2=CC=CC=C2)(C3=CC=CC=C3)O)[C@H](C(C4=CC=CC=C4)(C5=CC=CC=C5)O)O1,0,8.700021,6.162348,6.248842
545,OC(C1=CC=CC=C1)(C2=CC=CC=C2)[C@H]3[C@H](C(C4=CC=CC=C4)(C5=CC=CC=C5)O)OC6(CCCCC6)O3,0,8.699985,6.1624827,6.2487273
546,CC1(C2=CC=CC=C2)O[C@@H](C(C3=CC=CC=C3)(C4=CC=CC=C4)O)[C@H](C(C5=CC=CC=C5)(C6=CC=CC=C6)O)O1,0,8.699748,6.163072,6.2478924
547,CC1(C)O[C@@H](C(C2=CC(C=CC=C3)=C3C=C2)(C4=CC=C(C=CC=C5)C5=C4)O)[C@H](C(C6=CC=C(C=CC=C7)C7=C6)(C8=CC(C=CC=C9)=C9C=C8)O)O1,0,8.699973,6.1626234,6.2485414
548,CC1=C(C)C(C2=C(C)C(C)=CC(C(C)(C)C)=C2O)=C(O)C(C(C)(C)C)=C1,1,-2.1668332,1.6959738,4.8798413
549,OC[C@@H]1[C@H](CO)CCCC1,8,-3.000847,-2.565935,5.5528073
550,CC([C@@H](O)CC[C@H](O)C(C)C)C,8,-3.3037407,-2.3264225,5.276601
551,C[C@H](O)[C@@H](O)C,8,-3.388549,-2.273956,5.2012534
552,C1(C=CC=C2C3=N[C@@H](C4=CC=CC=C4)CO3)=C2OC5=C1C=CC=C5C6=N[C@@H](C7=CC=CC=C7)CO6,3,7.471129,1.340223,12.1845455
553,CC(C)[C@H]1COC(C2=CC=CC3=C2OC4=C3C=CC=C4C5=N[C@@H](C(C)C)CO5)=N1,3,7.429625,1.3609953,12.205894
554,C1(C=CC=C2C3=N[C@@H](C4=CC=CC=C4)[C@@H](C5=CC=CC=C5)O3)=C2OC6=C1C=CC=C6C7=N[C@@H](C8=CC=CC=C8)[C@@H](C9=CC=CC=C9)O7,9,8.624104,3.8982692,11.503592
555,CC(C)(C)[C@H]1COC(C2=CC=CC3=C2OC4=C3C=CC=C4C5=N[C@@H](C(C)(C)C)CO5)=N1,3,7.3525105,1.3229263,12.259443
556,C1(C=CC=C2C3=N[C@@H](CC4=CC=CC=C4)CO3)=C2OC5=C1C=CC=C5C6=N[C@@H](CC7=CC=CC=C7)CO6,3,7.542677,1.2506529,12.178305
557,C1(OC2=CC=CC=C2C3=N[C@@H](C4=CC=CC=C4)CO3)=CC=CC=C1C5=N[C@@H](C6=CC=CC=C6)CO5,3,7.544669,1.3913331,12.122764
558,CC(C)(C)[C@H]1COC(C2=CC=CC=C2NC3=CC=CC=C3C4=N[C@@H](C(C)(C)C)CO4)=N1,3,7.4137726,1.3929743,12.208931
559,CC(C)[C@H]1COC(C2=CC=CC=C2NC3=CC=CC=C3C4=N[C@@H](C(C)C)CO4)=N1,3,7.435772,1.3985171,12.197224
560,C1(NC2=CC=CC=C2C3=N[C@@H](C4=CC=CC=C4)CO3)=CC=CC=C1C5=N[C@@H](C6=CC=CC=C6)CO5,3,7.5333314,1.4240346,12.125745
561,C1(NC2=CC=CC=C2C3=N[C@@H](CC4=CC=CC=C4)CO3)=CC=CC=C1C5=N[C@@H](CC6=CC=CC=C6)CO5,3,7.4529977,1.3750635,12.192717
562,C1(NC2=CC=CC=C2C3=N[C@@H](C4=CC=CC=C4)[C@@H](C5=CC=CC=C5)O3)=CC=CC=C1C6=N[C@@H](C7=CC=CC=C7)[C@@H](C8=CC=CC=C8)O6,9,8.514655,3.8209774,11.378135
563,C1(C2=N[C@@H](CC3=CC=CC=C3)CO2)=NC(C4=NC(C5=N[C@@H](CC6=CC=CC=C6)CO5)=CC=C4)=CC=C1,3,8.659416,0.34412333,12.1176815
564,CC([C@H]1COC(C2=NC(C3=NC(C4=N[C@@H](C(C)(C)C)CO4)=CC=C3)=CC=C2)=N1)(C)C,7,10.1063595,-1.9557447,10.249017
565,CC(C)[C@@H](CO1)N=C1C2=CC=CC(C3=CC=CC(C4=N[C@@H](C(C)C)CO4)=N3)=N2,7,10.644452,-1.0999831,10.1346
566,C1(C2=N[C@@H](C3=CC=CC=C3)CO2)=NC(C4=NC(C5=N[C@@H](C6=CC=CC=C6)CO5)=CC=C4)=CC=C1,3,8.73701,0.32510954,12.740315
567,CC(C)[C@H]1COC(/C=C(N/2)/C3=C(C=CC=C3)C2=C\C4=N[C@@H](C(C)C)CO4)=N1,3,7.0235577,1.0010042,12.451638
568,CC(C)(C)[C@H]1COC(/C=C(N/2)/C3=C(C=CC=C3)C2=C\C4=N[C@@H](C(C)(C)C)CO4)=N1,3,7.110621,1.035041,12.389395
569,C1(/C(N/2)=C/C3=N[C@@H](CC4=CC=CC=C4)CO3)=C(C=CC=C1)C2=C\C5=N[C@@H](CC6=CC=CC=C6)CO5,3,7.1721597,1.0434014,12.349764
570,CC1=CC(/C(N/2)=C/C3=N[C@@H](C4=CC=CC=C4)CO3)=C(C=C1C)C2=C\C5=N[C@@H](C6=CC=CC=C6)CO5,3,7.072815,1.0319182,12.435892
571,CC(C)[C@H]1COC(/C=C(N/2)/C3=C(C=C(C)C(C)=C3)C2=C\C4=N[C@@H](C(C)C)CO4)=N1,3,7.0239744,0.9956441,12.479357
572,C1(/C(N/2)=C/C3=N[C@@H](C4=CC=CC=C4)CO3)=C(C=CC=C1)C2=C\C5=N[C@@H](C6=CC=CC=C6)CO5,3,7.139022,1.0261341,12.370404
573,CC(C)(C)[C@H]1COC(/C=C(O/2)/C3=C(C=CC=C3)C2=C\C4=N[C@@H](C(C)(C)C)CO4)=N1,3,7.110836,1.0628909,12.393155
574,C1(/C(O/2)=C/C3=N[C@@H](C4=CC=CC=C4)CO3)=C(C=CC=C1)C2=C\C5=N[C@@H](C6=CC=CC=C6)CO5,3,7.1400747,1.0272732,12.370076
575,CC(C1=CC2=C(C=C1)OC(C3=CC=C(C4=NC(C=C(C(C)(C)C)C=C5)=C5O4)S3)=N2)(C)C,1,-2.4036756,2.0859618,4.717844
576,C1(C2=NCCO2)=CC=CC(C3=NCCO3)=C1,7,10.411132,-1.0932982,10.612382
577,CC1=CC(C)=C(C2=N[C@@H](C(C)C)CO2)C=C1C3=N[C@@H](C(C)C)CO3,7,10.559388,-0.9247399,10.176312
578,CC(C)[C@H]1COC(C2=CC=CC(C3=N[C@@H](C(C)C)CO3)=C2)=N1,7,10.571588,-0.96481866,10.186115
579,BrC1=CC(C2=N[C@@H](C3=CC=CC=C3)[C@H](C4=CC=CC=C4)N2)=CC(C5=N[C@@H](C6=CC=CC=C6)[C@H](C7=CC=CC=C7)N5)=C1,9,8.817414,4.029079,11.736161
580,C1(C2=N[C@@H](C3=CC=CC=C3)[C@H](C4=CC=CC=C4)N2)=CC=CC(C5=N[C@@H](C6=CC=CC=C6)[C@H](C7=CC=CC=C7)N5)=C1,9,8.830841,4.007784,11.771967
581,CC1=CC=C(S(N2C(C3=CC=CC(C4=N[C@@H](C5=CC=CC=C5)[C@H](C6=CC=CC=C6)N4S(C7=CC=C(C)C=C7)(=O)=O)=C3)=N[C@@H](C8=CC=CC=C8)[C@@H]2C9=CC=CC=C9)(=O)=O)C=C1,5,-0.03769593,6.6788597,6.119561
582,CC(C)[C@@H]1[C@H](C2=CC=CC=C2)OC(C3=CC=CC(C4=N[C@H](C(C)C)[C@H](C5=CC=CC=C5)O4)=N3)=N1,9,8.94778,4.0241685,12.1767645
583,CC(C)[C@@H]1[C@@H](C2=CC=CC=C2)OC(C3=CC=CC(C4=N[C@H](C(C)C)[C@@H](C5=CC=CC=C5)O4)=N3)=N1,9,8.948042,4.023085,12.175493
584,COC1=CC(C2=NCCO2)=NC(C3=NCCO3)=C1,7,10.391666,-1.0965168,10.642649
585,C1(C2=NCCO2)=CC=CC(C3=NCCO3)=N1,7,10.401537,-1.0942112,10.639807
586,C1(C2=N[C@@H](C3=CC=CC=C3)CO2)=CC=CC(C4=N[C@@H](C5=CC=CC=C5)CO4)=N1,3,8.757706,0.29080287,12.650413
587,C1(C2=N[C@H]3[C@H](CC4=C3C=CC=C4)O2)=CC=CC(C5=N[C@H](C(C=CC=C6)=C6C7)[C@H]7O5)=N1,9,9.102837,4.3696556,13.331184
588,ClC1=CC(C2=NC=CC=C2)=NC(C3=CC=CC=N3)=C1,1,-4.9989595,0.26268467,4.599517
589,CC(C)[C@@H]1COC(C2=CC=CC(C3=N[C@H](C(C)C)CO3)=N2)=N1,7,10.664925,-1.0075575,10.077537
590,CC(C)(C)[C@@H]1COC(C2=CC=CC(C3=N[C@H](C(C)(C)C)CO3)=N2)=N1,7,10.155017,-1.9272641,10.223515
591,CC(C)(C)C1=CC(C2=NC=CC(C(C)(C)C)=C2)=NC(C3=CC(C(C)(C)C)=CC=N3)=C1,1,-4.170792,0.4462992,5.2153687
592,BrC1=CC(C2=NC=CC=C2)=NC(C3=CC=CC=N3)=C1,1,-4.9691405,0.28757077,4.601467
593,C1(C2=N[C@H](CC3=CC=CC=C3)CO2)=CC=CC(C4=N[C@H](CC5=CC=CC=C5)CO4)=N1,3,8.6945095,0.31653988,12.115825
594,C1(C2=N[C@H](C3=CC=CC=C3)[C@H](C4=CC=CC=C4)O2)=CC=CC(C5=N[C@H](C6=CC=CC=C6)[C@H](C7=CC=CC=C7)O5)=N1,9,8.953396,4.0179405,12.167511
595,C1(C2=CC=CC=N2)=CC(C3=CC=NC=C3)=CC(C4=NC=CC=C4)=N1,1,-5.025886,0.22887711,4.59224
596,CC(C=C1)=CC=C1C2=CC(C3=NC=CC=C3)=NC(C4=CC=CC=N4)=C2,1,-4.9841886,0.24824896,4.626738
597,C[C@@H]1COC(C2=CC=CC(C3=N[C@H](C)CO3)=N2)=N1,7,10.725447,-1.0388056,9.959047
598,CC1=CC(C2=NC=CC(C)=C2)=NC(C3=CC(C)=CC=N3)=C1,1,-4.2906675,0.41347557,5.1125116
599,CC(C)[C@H](CO1)N=C1C2=NC(C3=CC=CC=N3)=CC=C2,7,10.485585,-1.2805684,10.202551
600,CC(C)(C)[C@H](CO1)N=C1C2=NC(C3=CC=CC=N3)=CC=C2,7,10.090739,-1.9145352,10.209396
601,O=S(C1=CC(C2=N[C@@H](C3=CC=CC=C3)CO2)=NC(C4=N[C@@H](C5=CC=CC=C5)CO4)=C1)(C(C)C)=O,3,8.712788,0.35415632,12.761149
602,C1(C2=N[C@@H](C3=CC=CC=C3)CO2)=CC(OCC4=CC=CC=C4)=CC(C5=N[C@@H](C6=CC=CC=C6)CO5)=N1,3,8.740205,0.32675624,12.787141
603,FC(C1=CC(C(F)(F)F)=CC(COC2=CC(C3=N[C@@H](C4=CC=CC=C4)CO3)=NC(C5=N[C@@H](C6=CC=CC=C6)CO5)=C2)=C1)(F)F,3,8.83565,0.23738478,12.894181
604,CC1=CC=C(S(N2C(C3=CC=CC(C4=N[C@@H](C5=CC=CC=C5)[C@H](C6=CC=CC=C6)N4S(C7=CC=C(C)C=C7)(=O)=O)=N3)=N[C@@H](C8=CC=CC=C8)[C@@H]2C9=CC=CC=C9)(=O)=O)C=C1,5,-0.03838557,6.6752625,6.1206403
605,C1(C2=N[C@@H](C3=CC=CC=C3)[C@H](C4=CC=CC=C4)N2)=CC=CC(C5=N[C@@H](C6=CC=CC=C6)[C@H](C7=CC=CC=C7)N5)=N1,9,8.852431,3.9893734,11.796845
606,CC(C)C[C@@H](CO1)N=C1C2=NC(C3=N[C@@H](CC(C)C)CO3)=CC=C2,7,10.733929,-1.0345132,9.981916
607,C1(C2=CC=CC=N2)=CC=CC(C3=N[C@H](C(C=CC=C4)=C4C5)[C@H]5O3)=N1,9,9.096122,4.3653693,13.339912
608,CC(C1=CC(C(C)(C)C)=CC([C@H](CO2)N=C2C3=NC(C4=N[C@H](C5=CC(C(C)(C)C)=CC(C(C)(C)C)=C5)CO4)=CC=C3)=C1)(C)C,3,8.859639,0.21725449,12.913546
609,C1(C2=N[C@@H](C3=CC=CC=C3)CO2)=CC(OCC4=CC=CC5=C4C=CC=C5)=CC(C6=N[C@@H](C7=CC=CC=C7)CO6)=N1,3,8.764447,0.30239564,12.80731
610,O=P(OC(CC)CC)(OC(CC)CC)C1=CC(C2=N[C@@H](C3=CC=CC=C3)CO2)=NC(C4=N[C@@H](C5=CC=CC=C5)CO4)=C1,3,8.738608,0.32918474,12.793544
611,O=S(C1=CC(C2=N[C@@H](C3=CC=CC=C3)CO2)=NC(C4=N[C@@H](C5=CC=CC=C5)CO4)=C1)(C6=CC=CC=C6)=O,3,8.720372,0.34511843,12.757135
612,O=C(NC1=C(C2=NC(C)(C)CO2)C=CC=C1)C3=CC=C(C=CC=C4)C4=N3,3,7.268317,1.4346308,12.273576
613,C1(C2=N[C@@H](C3CCCCC3)CO2)=CC=CC(C4=N[C@@H](C5CCCCC5)CO4)=N1,7,10.871267,-0.9504856,9.775025
614,CC[C@@H](CO1)N=C1C2=NC(C3=N[C@@H](CC)CO3)=CC=C2,7,10.754221,-1.0225977,9.944983
615,O=C(C1=CC=CC=N1)N[C@H]2CCCC[C@@H]2NC(C3=NC=CC=C3)=O,8,-2.8496323,-2.4277554,5.8522954
616,C1(C2=N[C@@H](CC3=CC=CC=C3)CO2)=CC=CC(C4=NC(C5=N[C@@H](CC6=CC=CC=C6)CO5)=CC=C4)=N1,3,8.662355,0.34214124,12.118994
617,OC1=CC=CC=C1/C=N/C2=CC=CC=C2/N=C/C3=C(O)C=CC=C3,1,-3.8153515,0.6927832,4.2305923
618,O=C(C1=CC=CC=C1P(C2=CC=CC=C2)C3=CC=CC=C3)N[C@H]4CCCC[C@@H]4NC(C5=C(P(C6=CC=CC=C6)C7=CC=CC=C7)C=CC=C5)=O,2,0.9405855,0.009697649,9.90804
619,[C@H]1(NCC2=CC=CC=C2P(C3=CC=CC=C3)C4=CC=CC=C4)CCCC[C@@H]1NCC5=C(P(C6=CC=CC=C6)C7=CC=CC=C7)C=CC=C5,2,0.9347581,0.025302418,9.907665
